#
# There is insufficient memory for the Java Runtime Environment to continue.
# Native memory allocation (mmap) failed to map 65536 bytes. Error detail: Failed to commit metaspace.
# Possible reasons:
#   The system is out of physical RAM or swap space
#   This process is running with CompressedOops enabled, and the Java Heap may be blocking the growth of the native heap
# Possible solutions:
#   Reduce memory load on the system
#   Increase physical memory or swap space
#   Check if swap backing store is full
#   Decrease Java heap size (-Xmx/-Xms)
#   Decrease number of Java threads
#   Decrease Java thread stack sizes (-Xss)
#   Set larger code cache with -XX:ReservedCodeCacheSize=
#   JVM is running with Unscaled Compressed Oops mode in which the Java heap is
#     placed in the first 4GB address space. The Java Heap base address is the
#     maximum limit for the native heap growth. Please use -XX:HeapBaseMinAddress
#     to set the Java Heap base and to place the Java Heap above 4GB virtual address.
# This output file may be truncated or incomplete.
#
#  Out of Memory Error (virtualSpaceNode.cpp:113), pid=23376, tid=7556
#
# JRE version: OpenJDK Runtime Environment Temurin-21.0.10+7 (21.0.10+7) (build 21.0.10+7-LTS)
# Java VM: OpenJDK 64-Bit Server VM Temurin-21.0.10+7 (21.0.10+7-LTS, mixed mode, sharing, tiered, compressed oops, compressed class ptrs, parallel gc, windows-amd64)
# No core dump will be written. Minidumps are not enabled by default on client versions of Windows
#

---------------  S U M M A R Y ------------

Command Line: --add-modules=ALL-SYSTEM --add-opens=java.base/java.util=ALL-UNNAMED --add-opens=java.base/java.lang=ALL-UNNAMED --add-opens=java.base/sun.nio.fs=ALL-UNNAMED -Declipse.application=org.eclipse.jdt.ls.core.id1 -Dosgi.bundles.defaultStartLevel=4 -Declipse.product=org.eclipse.jdt.ls.core.product -Djava.import.generatesMetadataFilesAtProjectRoot=false -DDetectVMInstallationsJob.disabled=true -Dfile.encoding=utf8 -XX:+UseParallelGC -XX:GCTimeRatio=4 -XX:AdaptiveSizePolicyWeight=90 -Dsun.zip.disableMemoryMapping=true -Xmx2G -Xms100m -Xlog:disable -javaagent:c:\Users\devip\.antigravity-ide\extensions\redhat.java-1.54.0-win32-x64\lombok\lombok-1.18.39-4050.jar c:\Users\devip\.antigravity-ide\extensions\redhat.java-1.54.0-win32-x64\server\plugins\org.eclipse.equinox.launcher_1.7.100.v20251111-0406.jar -configuration c:\Users\devip\AppData\Roaming\Antigravity IDE\User\globalStorage\redhat.java\1.54.0\config_ss_win -data c:\Users\devip\AppData\Roaming\Antigravity IDE\User\workspaceStorage\3ffd7fcce5923e144a1c7dc54c266ad5\redhat.java\ss_ws --pipe=\\.\pipe\lsp-1ea1f430ad6346659c54d6b149d76ca8-sock

Host: AMD Ryzen 5 7520U with Radeon Graphics         , 8 cores, 15G,  Windows 11 , 64 bit Build 26100 (10.0.26100.8328)
Time: Fri Jun 26 15:30:32 2026 India Standard Time elapsed time: 21.029975 seconds (0d 0h 0m 21s)

---------------  T H R E A D  ---------------

Current thread (0x000002edeca85950):  JavaThread "pool-1-thread-1"        [_thread_in_vm, id=7556, stack(0x000000f01f100000,0x000000f01f200000) (1024K)]

Stack: [0x000000f01f100000,0x000000f01f200000]
Native frames: (J=compiled Java code, j=interpreted, Vv=VM code, C=native code)
V  [jvm.dll+0x6d7a39]
V  [jvm.dll+0x8b4b26]
V  [jvm.dll+0x8b70de]
V  [jvm.dll+0x8b77c3]
V  [jvm.dll+0x284346]
V  [jvm.dll+0x8b086e]
V  [jvm.dll+0x679444]
V  [jvm.dll+0x1e82bb]
V  [jvm.dll+0x1e807e]
V  [jvm.dll+0x67bd42]
V  [jvm.dll+0x67bb72]
V  [jvm.dll+0x679e1e]
V  [jvm.dll+0x26e1f0]
V  [jvm.dll+0x684085]
V  [jvm.dll+0x21955e]
V  [jvm.dll+0x219a05]
V  [jvm.dll+0x21a3f8]
V  [jvm.dll+0x20f62e]
V  [jvm.dll+0x5b644f]
V  [jvm.dll+0x82ead6]
V  [jvm.dll+0x478db8]
V  [jvm.dll+0x47ebe8]
C  [java.dll+0x17ec]

Java frames: (J=compiled Java code, j=interpreted, Vv=VM code)
J 1139  java.lang.ClassLoader.defineClass1(Ljava/lang/ClassLoader;Ljava/lang/String;[BIILjava/security/ProtectionDomain;Ljava/lang/String;)Ljava/lang/Class; java.base@21.0.10 (0 bytes) @ 0x000002ed9940ac91 [0x000002ed9940abc0+0x00000000000000d1]
J 1825 c1 java.lang.ClassLoader.defineClass(Ljava/lang/String;[BIILjava/security/ProtectionDomain;)Ljava/lang/Class; java.base@21.0.10 (43 bytes) @ 0x000002ed91bf39fc [0x000002ed91bf36a0+0x000000000000035c]
J 2407 c1 org.eclipse.osgi.internal.loader.ModuleClassLoader.defineClass(Ljava/lang/String;[BLorg/eclipse/osgi/internal/loader/classpath/ClasspathEntry;)Lorg/eclipse/osgi/internal/loader/ModuleClassLoader$DefineClassResult; (67 bytes) @ 0x000002ed91d3e33c [0x000002ed91d3e020+0x000000000000031c]
J 2173 c1 org.eclipse.osgi.internal.loader.classpath.ClasspathManager.defineClass(Ljava/lang/String;[BLorg/eclipse/osgi/internal/loader/classpath/ClasspathEntry;Lorg/eclipse/osgi/storage/bundlefile/BundleEntry;Ljava/util/List;)Ljava/lang/Class; (636 bytes) @ 0x000002ed91cbbbe4 [0x000002ed91cba140+0x0000000000001aa4]
J 3020 c1 org.eclipse.osgi.internal.loader.classpath.ClasspathManager.findClassImpl(Ljava/lang/String;Lorg/eclipse/osgi/internal/loader/classpath/ClasspathEntry;Ljava/util/List;)Ljava/lang/Class; (328 bytes) @ 0x000002ed91e921a4 [0x000002ed91e8ee80+0x0000000000003324]
J 1985 c1 org.eclipse.osgi.internal.loader.classpath.ClasspathManager.findLocalClassImpl(Ljava/lang/String;[Lorg/eclipse/osgi/internal/loader/classpath/ClasspathEntry;Ljava/util/List;)Ljava/lang/Class; (55 bytes) @ 0x000002ed91c53864 [0x000002ed91c536e0+0x0000000000000184]
J 2161 c1 org.eclipse.osgi.internal.loader.classpath.ClasspathManager.findLocalClassImpl(Ljava/lang/String;Ljava/util/List;)Ljava/lang/Class; (132 bytes) @ 0x000002ed91cac314 [0x000002ed91cabde0+0x0000000000000534]
J 1981 c1 org.eclipse.osgi.internal.loader.classpath.ClasspathManager.findLocalClass(Ljava/lang/String;)Ljava/lang/Class; (210 bytes) @ 0x000002ed91c4f1a4 [0x000002ed91c4e4e0+0x0000000000000cc4]
J 1979 c1 org.eclipse.osgi.internal.loader.BundleLoader.findLocalClass(Ljava/lang/String;)Ljava/lang/Class; (159 bytes) @ 0x000002ed91c4be54 [0x000002ed91c4b260+0x0000000000000bf4]
J 1893 c1 org.eclipse.osgi.internal.loader.BundleLoader.findClass0(Ljava/lang/String;ZZ)Ljava/lang/Class; (490 bytes) @ 0x000002ed91c21194 [0x000002ed91c1dfe0+0x00000000000031b4]
J 1892 c1 org.eclipse.osgi.internal.loader.BundleLoader.findClass(Ljava/lang/String;)Ljava/lang/Class; (8 bytes) @ 0x000002ed91c1d5cc [0x000002ed91c1d540+0x000000000000008c]
J 1935 c1 org.eclipse.osgi.internal.loader.ModuleClassLoader.loadClass(Ljava/lang/String;Z)Ljava/lang/Class; (36 bytes) @ 0x000002ed91c35fcc [0x000002ed91c35da0+0x000000000000022c]
J 3375 c2 java.lang.ClassLoader.loadClass(Ljava/lang/String;)Ljava/lang/Class; java.base@21.0.10 (7 bytes) @ 0x000002ed99522b6c [0x000002ed99522b20+0x000000000000004c]
v  ~StubRoutines::call_stub 0x000002ed98df100d
j  com.google.common.base.CharMatcher$InRange.<init>(CC)V+14
j  com.google.common.base.CharMatcher.inRange(CC)Lcom/google/common/base/CharMatcher;+6
j  com.google.common.base.CaseFormat.<clinit>()V+51
v  ~StubRoutines::call_stub 0x000002ed98df100d
j  org.eclipse.jdt.ls.core.internal.handlers.CompletionGuessMethodArgumentsMode.fromString(Ljava/lang/String;Lorg/eclipse/jdt/ls/core/internal/handlers/CompletionGuessMethodArgumentsMode;)Lorg/eclipse/jdt/ls/core/internal/handlers/CompletionGuessMethodArgumentsMode;+4
j  org.eclipse.jdt.ls.core.internal.preferences.Preferences.updateFrom(Lorg/eclipse/jdt/ls/core/internal/preferences/Preferences;Ljava/util/Map;)Lorg/eclipse/jdt/ls/core/internal/preferences/Preferences;+1135
j  org.eclipse.jdt.ls.core.internal.preferences.Preferences.createFrom(Ljava/util/Map;)Lorg/eclipse/jdt/ls/core/internal/preferences/Preferences;+8
j  org.eclipse.jdt.ls.core.internal.handlers.BaseInitHandler.handleInitializationOptions(Lorg/eclipse/lsp4j/InitializeParams;)Ljava/util/Map;+289
j  org.eclipse.jdt.ls.core.internal.handlers.BaseInitHandler.initialize(Lorg/eclipse/lsp4j/InitializeParams;)Lorg/eclipse/lsp4j/InitializeResult;+35
j  org.eclipse.jdt.ls.core.internal.syntaxserver.SyntaxLanguageServer.initialize(Lorg/eclipse/lsp4j/InitializeParams;)Ljava/util/concurrent/CompletableFuture;+23
j  java.lang.invoke.LambdaForm$DMH+0x000002eda6340000.invokeInterface(Ljava/lang/Object;Ljava/lang/Object;Ljava/lang/Object;)Ljava/lang/Object;+24 java.base@21.0.10
j  java.lang.invoke.LambdaForm$MH+0x000002eda6340400.invoke(Ljava/lang/Object;Ljava/lang/Object;Ljava/lang/Object;)Ljava/lang/Object;+52 java.base@21.0.10
j  java.lang.invoke.Invokers$Holder.invokeExact_MT(Ljava/lang/Object;Ljava/lang/Object;Ljava/lang/Object;Ljava/lang/Object;)Ljava/lang/Object;+20 java.base@21.0.10
J 1513 c1 jdk.internal.reflect.DirectMethodHandleAccessor.invoke(Ljava/lang/Object;[Ljava/lang/Object;)Ljava/lang/Object; java.base@21.0.10 (92 bytes) @ 0x000002ed91b4dfe4 [0x000002ed91b4cc00+0x00000000000013e4]
J 1506 c1 java.lang.reflect.Method.invoke(Ljava/lang/Object;[Ljava/lang/Object;)Ljava/lang/Object; java.base@21.0.10 (108 bytes) @ 0x000002ed91b475d4 [0x000002ed91b470c0+0x0000000000000514]
j  org.eclipse.lsp4j.jsonrpc.services.GenericEndpoint.lambda$recursiveFindRpcMethods$0(Lorg/eclipse/lsp4j/jsonrpc/services/AnnotationUtil$MethodInfo;Ljava/lang/Object;Ljava/lang/Object;)Ljava/util/concurrent/CompletableFuture;+20
j  org.eclipse.lsp4j.jsonrpc.services.GenericEndpoint$$Lambda+0x000002eda631d900.apply(Ljava/lang/Object;)Ljava/lang/Object;+13
j  org.eclipse.lsp4j.jsonrpc.services.GenericEndpoint.request(Ljava/lang/String;Ljava/lang/Object;)Ljava/util/concurrent/CompletableFuture;+18
j  org.eclipse.lsp4j.jsonrpc.RemoteEndpoint.handleRequest(Lorg/eclipse/lsp4j/jsonrpc/messages/RequestMessage;)V+12
j  org.eclipse.lsp4j.jsonrpc.RemoteEndpoint.consume(Lorg/eclipse/lsp4j/jsonrpc/messages/Message;)V+34
j  org.eclipse.jdt.ls.core.internal.ParentProcessWatcher.lambda$1(Lorg/eclipse/lsp4j/jsonrpc/MessageConsumer;Lorg/eclipse/lsp4j/jsonrpc/messages/Message;)V+9
j  org.eclipse.jdt.ls.core.internal.ParentProcessWatcher$$Lambda+0x000002eda6310ca8.consume(Lorg/eclipse/lsp4j/jsonrpc/messages/Message;)V+9
j  org.eclipse.lsp4j.jsonrpc.json.StreamMessageProducer.handleMessage(Ljava/io/InputStream;Lorg/eclipse/lsp4j/jsonrpc/json/StreamMessageProducer$Headers;)Z+57
j  org.eclipse.lsp4j.jsonrpc.json.StreamMessageProducer.listen(Lorg/eclipse/lsp4j/jsonrpc/MessageConsumer;)V+140
j  org.eclipse.lsp4j.jsonrpc.json.ConcurrentMessageProcessor.run()V+12
j  java.util.concurrent.Executors$RunnableAdapter.call()Ljava/lang/Object;+4 java.base@21.0.10
j  java.util.concurrent.FutureTask.run()V+39 java.base@21.0.10
j  java.util.concurrent.ThreadPoolExecutor.runWorker(Ljava/util/concurrent/ThreadPoolExecutor$Worker;)V+92 java.base@21.0.10
j  java.util.concurrent.ThreadPoolExecutor$Worker.run()V+5 java.base@21.0.10
j  java.lang.Thread.runWith(Ljava/lang/Object;Ljava/lang/Runnable;)V+5 java.base@21.0.10
j  java.lang.Thread.run()V+19 java.base@21.0.10
v  ~StubRoutines::call_stub 0x000002ed98df100d

Compiled method (n/a) 21118 1139     n 0       java.lang.ClassLoader::defineClass1 (native)
 total in heap  [0x000002ed9940aa10,0x000002ed9940ae98] = 1160
 relocation     [0x000002ed9940ab70,0x000002ed9940aba8] = 56
 main code      [0x000002ed9940abc0,0x000002ed9940ae96] = 726
 stub code      [0x000002ed9940ae96,0x000002ed9940ae98] = 2

[Constant Pool (empty)]

[MachCode]
[Entry Point]
  # {method} {0x000002eda5434f58} 'defineClass1' '(Ljava/lang/ClassLoader;Ljava/lang/String;[BIILjava/security/ProtectionDomain;Ljava/lang/String;)Ljava/lang/Class;' in 'java/lang/ClassLoader'
  # parm0:    rdx:rdx   = 'java/lang/ClassLoader'
  # parm1:    r8:r8     = 'java/lang/String'
  # parm2:    r9:r9     = '[B'
  # parm3:    rdi       = int
  # parm4:    rsi       = int
  # parm5:    rcx:rcx   = 'java/security/ProtectionDomain'
  # parm6:    [sp+0xa0]   = 'java/lang/String'  (sp of caller)
  0x000002ed9940abc0: 448b 5208 | 49bb 0000 | 00a5 ed02 | 0000 4d03 | d349 3bc2 | 0f84 0600 

  0x000002ed9940abd8: ;   {runtime_call ic_miss_stub}
  0x000002ed9940abd8: 0000 e9a1 | 38a3 ff90 
[Verified Entry Point]
  0x000002ed9940abe0: 8984 2400 | 80ff ff55 | 488b ec48 | 81ec 9000 | 0000 6690 | 4181 7f20 | 0200 0000 

  0x000002ed9940abfc: ;   {runtime_call StubRoutines (final stubs)}
  0x000002ed9940abfc: 7405 e8dd | dda1 ff48 | 837d 1000 | 488d 4510 | 480f 4445 | 1048 8944 | 2440 4889 | 4c24 7048 
  0x000002ed9940ac1c: 83f9 0048 | 8d44 2470 | 480f 4444 | 2470 4889 | 4424 3848 | 8974 2430 | 4889 7c24 | 284c 894c 
  0x000002ed9940ac3c: 2458 4983 | f900 488d | 4424 5848 | 0f44 4424 | 5848 8944 | 2420 4c89 | 4424 5049 | 83f8 004c 
  0x000002ed9940ac5c: 8d4c 2450 | 4c0f 444c | 2450 4889 | 5424 4848 | 83fa 004c | 8d44 2448 | 4c0f 4444 

  0x000002ed9940ac78: ;   {oop(a 'java/lang/Class'{0x00000000805be9b0} = 'java/lang/ClassLoader')}
  0x000002ed9940ac78: 2448 49be | b0e9 5b80 | 0000 0000 | 4c89 7424 | 784c 8d74 | 2478 498b | d6c5 f877 

  0x000002ed9940ac94: ;   {internal_word}
  0x000002ed9940ac94: 49ba 91ac | 4099 ed02 | 0000 4d89 | 97a8 0300 | 0049 89a7 | a003 0000 

  0x000002ed9940acac: ;   {external_word}
  0x000002ed9940acac: 49ba c65c | e358 fa7f | 0000 4180 | 3a00 0f84 | 4e00 0000 | 5241 5041 

  0x000002ed9940acc4: ;   {metadata({method} {0x000002eda5434f58} 'defineClass1' '(Ljava/lang/ClassLoader;Ljava/lang/String;[BIILjava/security/ProtectionDomain;Ljava/lang/String;)Ljava/lang/Class;' in 'java/lang/ClassLoader')}
  0x000002ed9940acc4: 5148 ba50 | 4f43 a5ed | 0200 0049 | 8bcf 4883 | ec20 40f6 | c40f 0f84 | 1900 0000 | 4883 ec08 
  0x000002ed9940ace4: ;   {runtime_call}
  0x000002ed9940ace4: 48b8 50e1 | 8c58 fa7f | 0000 ffd0 | 4883 c408 | e90c 0000 

  0x000002ed9940acf8: ;   {runtime_call}
  0x000002ed9940acf8: 0048 b850 | e18c 58fa | 7f00 00ff | d048 83c4 | 2041 5941 | 585a 498d | 8fc0 0300 | 0041 c787 
  0x000002ed9940ad18: 4c04 0000 | 0400 0000 

  0x000002ed9940ad20: ;   {runtime_call}
  0x000002ed9940ad20: 48b8 ac16 | f7f7 fa7f | 0000 ffd0 | c5f8 7741 | c787 4c04 | 0000 0500 | 0000 f083 | 4424 c000 
  0x000002ed9940ad40: 493b af50 | 0400 000f | 870e 0000 | 0041 83bf | 4804 0000 | 000f 842b | 0000 00c5 | f877 4889 
  0x000002ed9940ad60: 45f8 498b | cf4c 8be4 | 4883 ec20 | 4883 e4f0 

  0x000002ed9940ad70: ;   {runtime_call}
  0x000002ed9940ad70: 48b8 d052 | 5858 fa7f | 0000 ffd0 | 498b e44d | 33e4 488b | 45f8 41c7 | 874c 0400 | 0008 0000 
  0x000002ed9940ad90: 0041 83bf | c804 0000 | 020f 84ca 

  0x000002ed9940ad9c: ;   {external_word}
  0x000002ed9940ad9c: 0000 0049 | bac6 5ce3 | 58fa 7f00 | 0041 803a | 000f 844c | 0000 0048 

  0x000002ed9940adb4: ;   {metadata({method} {0x000002eda5434f58} 'defineClass1' '(Ljava/lang/ClassLoader;Ljava/lang/String;[BIILjava/security/ProtectionDomain;Ljava/lang/String;)Ljava/lang/Class;' in 'java/lang/ClassLoader')}
  0x000002ed9940adb4: 8945 f848 | ba50 4f43 | a5ed 0200 | 0049 8bcf | 4883 ec20 | 40f6 c40f | 0f84 1900 | 0000 4883 
  0x000002ed9940add4: ;   {runtime_call}
  0x000002ed9940add4: ec08 48b8 | 50e1 8c58 | fa7f 0000 | ffd0 4883 | c408 e90c 

  0x000002ed9940ade8: ;   {runtime_call}
  0x000002ed9940ade8: 0000 0048 | b850 e18c | 58fa 7f00 | 00ff d048 | 83c4 2048 | 8b45 f849 | c787 a003 | 0000 0000 
  0x000002ed9940ae08: 0000 49c7 | 87a8 0300 | 0000 0000 | 00c5 f877 | 4885 c00f | 8425 0000 | 00a8 030f | 8508 0000 
  0x000002ed9940ae28: 0048 8b00 | e915 0000 | 00a8 010f | 8509 0000 | 0048 8b40 | fee9 0400 | 0000 488b | 40ff 498b 
  0x000002ed9940ae48: 8f30 0400 | 00c7 8100 | 0100 0000 | 0000 00c9 | 4983 7f08 | 000f 8501 | 0000 00c3 

  0x000002ed9940ae64: ;   {runtime_call StubRoutines (initial stubs)}
  0x000002ed9940ae64: e997 609e | ffc5 f877 | 4889 45f8 | 4c8b e448 | 83ec 2048 

  0x000002ed9940ae78: ;   {runtime_call}
  0x000002ed9940ae78: 83e4 f048 | b8a0 188d | 58fa 7f00 | 00ff d049 | 8be4 4d33 | e448 8b45 | f8e9 09ff | ffff f4f4 
[/MachCode]


Compiled method (c1) 21142 1825       3       java.lang.ClassLoader::defineClass (43 bytes)
 total in heap  [0x000002ed91bf3490,0x000002ed91bf3df0] = 2400
 relocation     [0x000002ed91bf35f0,0x000002ed91bf3690] = 160
 main code      [0x000002ed91bf36a0,0x000002ed91bf3b40] = 1184
 stub code      [0x000002ed91bf3b40,0x000002ed91bf3bb8] = 120
 metadata       [0x000002ed91bf3bb8,0x000002ed91bf3be8] = 48
 scopes data    [0x000002ed91bf3be8,0x000002ed91bf3cd8] = 240
 scopes pcs     [0x000002ed91bf3cd8,0x000002ed91bf3db8] = 224
 dependencies   [0x000002ed91bf3db8,0x000002ed91bf3dc8] = 16
 nul chk table  [0x000002ed91bf3dc8,0x000002ed91bf3df0] = 40

[Constant Pool (empty)]

[MachCode]
[Entry Point]
  # {method} {0x000002eda54352d8} 'defineClass' '(Ljava/lang/String;[BIILjava/security/ProtectionDomain;)Ljava/lang/Class;' in 'java/lang/ClassLoader'
  # this:     rdx:rdx   = 'java/lang/ClassLoader'
  # parm0:    r8:r8     = 'java/lang/String'
  # parm1:    r9:r9     = '[B'
  # parm2:    rdi       = int
  # parm3:    rsi       = int
  # parm4:    rcx:rcx   = 'java/security/ProtectionDomain'
  #           [sp+0xc0]  (sp of caller)
  0x000002ed91bf36a0: 448b 5208 | 49bb 0000 | 00a5 ed02 | 0000 4d03 | d34c 3bd0 

  0x000002ed91bf36b4: ;   {runtime_call ic_miss_stub}
  0x000002ed91bf36b4: 0f85 c6ad | 2407 660f | 1f44 0000 
[Verified Entry Point]
  0x000002ed91bf36c0: 8984 2400 | 80ff ff55 | 4881 ecb0 | 0000 0090 | 4181 7f20 | 0200 0000 

  0x000002ed91bf36d8: ;   {runtime_call StubRoutines (final stubs)}
  0x000002ed91bf36d8: 7405 e801 | 5323 0748 | 8954 2478 

  0x000002ed91bf36e4: ;   {metadata(method data for {method} {0x000002eda54352d8} 'defineClass' '(Ljava/lang/String;[BIILjava/security/ProtectionDomain;)Ljava/lang/Class;' in 'java/lang/ClassLoader')}
  0x000002ed91bf36e4: 48bb a811 | 37e8 ed02 | 0000 8b83 | cc00 0000 | 83c0 0289 | 83cc 0000 | 0025 fe07 | 0000 85c0 
  0x000002ed91bf3704: 0f84 5803 | 0000 89b4 | 2494 0000 | 0089 bc24 | 9000 0000 | 4c89 8c24 | 8800 0000 

  0x000002ed91bf3720: ;   {metadata(method data for {method} {0x000002eda54352d8} 'defineClass' '(Ljava/lang/String;[BIILjava/security/ProtectionDomain;)Ljava/lang/Class;' in 'java/lang/ClassLoader')}
  0x000002ed91bf3720: 488b da48 | b8a8 1137 | e8ed 0200 | 0048 8380 | 1001 0000 | 0149 8bd8 | 4c8b c34c | 8bc9 488b 
  0x000002ed91bf3740: ca48 8bd1 | 4889 9c24 | 8000 0000 

  0x000002ed91bf374c: ;   {optimized virtual_call}
  0x000002ed91bf374c: 6666 90e8 

  0x000002ed91bf3750: ; ImmutableOopMap {[120]=Oop [128]=Oop [136]=Oop }
                      ;*invokevirtual preDefineClass {reexecute=0 rethrow=0 return_oop=0}
                      ; - java.lang.ClassLoader::defineClass@4
  0x000002ed91bf3750: 4c75 f0ff 

  0x000002ed91bf3754: ;   {other}
  0x000002ed91bf3754: 0f1f 8400 | c402 0000 | 4889 8424 | 9800 0000 | 488b 5424 

  0x000002ed91bf3768: ;   {metadata(method data for {method} {0x000002eda54352d8} 'defineClass' '(Ljava/lang/String;[BIILjava/security/ProtectionDomain;)Ljava/lang/Class;' in 'java/lang/ClassLoader')}
  0x000002ed91bf3768: 7849 b8a8 | 1137 e8ed | 0200 0049 | 8380 4801 

  0x000002ed91bf3778: ;   {metadata(method data for {method} {0x000002eda5434fc0} 'defineClassSourceLocation' '(Ljava/security/ProtectionDomain;)Ljava/lang/String;' in 'java/lang/ClassLoader')}
  0x000002ed91bf3778: 0000 0149 | b8c0 1837 | e8ed 0200 | 0041 8b90 | cc00 0000 | 83c2 0241 | 8990 cc00 | 0000 81e2 
  0x000002ed91bf3798: feff 1f00 | 85d2 0f84 | df02 0000 

  0x000002ed91bf37a4: ; implicit exception: dispatches to 0x000002ed91bf3aa4
  0x000002ed91bf37a4: 483b 004c 

  0x000002ed91bf37a8: ;   {metadata(method data for {method} {0x000002eda5434fc0} 'defineClassSourceLocation' '(Ljava/security/ProtectionDomain;)Ljava/lang/String;' in 'java/lang/ClassLoader')}
  0x000002ed91bf37a8: 8bc0 48ba | c018 37e8 | ed02 0000 | 4883 8210 | 0100 0001 | 448b 4010 

  0x000002ed91bf37c0: ;   {metadata(method data for {method} {0x000002eda5434fc0} 'defineClassSourceLocation' '(Ljava/security/ProtectionDomain;)Ljava/lang/String;' in 'java/lang/ClassLoader')}
  0x000002ed91bf37c0: 4d85 c048 | bac0 1837 | e8ed 0200 | 0048 c7c6 | 5801 0000 | 7507 48c7 | c648 0100 | 0048 8b3c 
  0x000002ed91bf37e0: 3248 8d7f | 0148 893c | 320f 850f 

  0x000002ed91bf37ec: ;   {oop(nullptr)}
  0x000002ed91bf37ec: 0000 0048 | bb00 0000 | 0000 0000 | 00e9 a901 | 0000 493b | 0049 8bd0 

  0x000002ed91bf3804: ;   {metadata(method data for {method} {0x000002eda5434fc0} 'defineClassSourceLocation' '(Ljava/security/ProtectionDomain;)Ljava/lang/String;' in 'java/lang/ClassLoader')}
  0x000002ed91bf3804: 48be c018 | 37e8 ed02 | 0000 4883 | 8668 0100 | 0001 418b | 500c 4885 

  0x000002ed91bf381c: ;   {metadata(method data for {method} {0x000002eda5434fc0} 'defineClassSourceLocation' '(Ljava/security/ProtectionDomain;)Ljava/lang/String;' in 'java/lang/ClassLoader')}
  0x000002ed91bf381c: d248 bec0 | 1837 e8ed | 0200 0048 | c7c7 b001 | 0000 7507 | 48c7 c7a0 | 0100 0048 | 8b1c 3e48 
  0x000002ed91bf383c: 8d5b 0148 | 891c 3e0f | 850f 0000 

  0x000002ed91bf3848: ;   {oop(nullptr)}
  0x000002ed91bf3848: 0048 bb00 | 0000 0000 | 0000 00e9 | 4f01 0000 

  0x000002ed91bf3858: ;   {metadata(method data for {method} {0x000002eda5434fc0} 'defineClassSourceLocation' '(Ljava/security/ProtectionDomain;)Ljava/lang/String;' in 'java/lang/ClassLoader')}
  0x000002ed91bf3858: 48be c018 | 37e8 ed02 | 0000 4883 | 86c0 0100 | 0001 483b | 024c 8bc2 

  0x000002ed91bf3870: ;   {metadata(method data for {method} {0x000002eda5434fc0} 'defineClassSourceLocation' '(Ljava/security/ProtectionDomain;)Ljava/lang/String;' in 'java/lang/ClassLoader')}
  0x000002ed91bf3870: 48be c018 | 37e8 ed02 | 0000 4883 | 86f8 0100 

  0x000002ed91bf3880: ;   {metadata(method data for {method} {0x000002eda501abf0} 'toString' '()Ljava/lang/String;' in 'java/net/URL')}
  0x000002ed91bf3880: 0001 49b8 | 900c 37e8 | ed02 0000 | 418b b0cc | 0000 0083 | c602 4189 | b0cc 0000 | 0081 e6fe 
  0x000002ed91bf38a0: ff1f 0085 | f60f 8408 | 0200 004c 

  0x000002ed91bf38ac: ;   {metadata(method data for {method} {0x000002eda501abf0} 'toString' '()Ljava/lang/String;' in 'java/net/URL')}
  0x000002ed91bf38ac: 8bc2 48be | 900c 37e8 | ed02 0000 | 4883 8610 | 0100 0001 

  0x000002ed91bf38c0: ;   {metadata(method data for {method} {0x000002eda5428b60} 'toExternalForm' '()Ljava/lang/String;' in 'java/net/URL')}
  0x000002ed91bf38c0: 49b8 9082 | 36e8 ed02 | 0000 418b | b0cc 0000 | 0083 c602 | 4189 b0cc | 0000 0081 | e6fe ff1f 
  0x000002ed91bf38e0: 0085 f60f | 84eb 0100 | 008b 7238 

  0x000002ed91bf38ec: ; implicit exception: dispatches to 0x000002ed91bf3af5
  0x000002ed91bf38ec: 483b 064c 

  0x000002ed91bf38f0: ;   {metadata(method data for {method} {0x000002eda5428b60} 'toExternalForm' '()Ljava/lang/String;' in 'java/net/URL')}
  0x000002ed91bf38f0: 8bc6 48bf | 9082 36e8 | ed02 0000 | 458b 4008 | 49ba 0000 | 00a5 ed02 | 0000 4d03 | c24c 3b87 
  0x000002ed91bf3910: 2001 0000 | 750d 4883 | 8728 0100 | 0001 e960 | 0000 004c | 3b87 3001 | 0000 750d | 4883 8738 
  0x000002ed91bf3930: 0100 0001 | e94a 0000 | 0048 83bf | 2001 0000 | 0075 174c | 8987 2001 | 0000 48c7 | 8728 0100 
  0x000002ed91bf3950: 0001 0000 | 00e9 2900 | 0000 4883 | bf30 0100 | 0000 7517 | 4c89 8730 | 0100 0048 | c787 3801 
  0x000002ed91bf3970: 0000 0100 | 0000 e908 | 0000 0048 | 8387 1001 | 0000 014c | 8bc2 488b | d60f 1f40 | 0048 b8ff 
  0x000002ed91bf3990: ffff ffff 

  0x000002ed91bf3994: ;   {virtual_call}
  0x000002ed91bf3994: ffff ffe8 

  0x000002ed91bf3998: ; ImmutableOopMap {[120]=Oop [128]=Oop [136]=Oop [152]=Oop }
                      ;*invokevirtual toExternalForm {reexecute=0 rethrow=0 return_oop=0}
                      ; - java.net.URL::toExternalForm@5
                      ; - java.net.URL::toString@1
                      ; - java.lang.ClassLoader::defineClassSourceLocation@22
                      ; - java.lang.ClassLoader::defineClass@12
  0x000002ed91bf3998: e46a 3007 

  0x000002ed91bf399c: ;   {other}
  0x000002ed91bf399c: 0f1f 8400 | 0c05 0001 | 488b d848 | 8b84 2498 | 0000 008b | b424 9400 | 0000 8bbc | 2490 0000 
  0x000002ed91bf39bc: 004c 8b8c | 2488 0000 | 004c 8b84 | 2480 0000 | 0048 8b54 

  0x000002ed91bf39d0: ;   {metadata(method data for {method} {0x000002eda54352d8} 'defineClass' '(Ljava/lang/String;[BIILjava/security/ProtectionDomain;)Ljava/lang/Class;' in 'java/lang/ClassLoader')}
  0x000002ed91bf39d0: 2478 48b9 | a811 37e8 | ed02 0000 | 4883 8180 | 0100 0001 | 4c8b da49 | 8bd3 488b | c848 891c 
  0x000002ed91bf39f0: 2466 0f1f 

  0x000002ed91bf39f4: ;   {static_call}
  0x000002ed91bf39f4: 4400 00e8 

  0x000002ed91bf39f8: ; ImmutableOopMap {[120]=Oop [152]=Oop }
                      ;*invokestatic defineClass1 {reexecute=0 rethrow=0 return_oop=0}
                      ; - java.lang.ClassLoader::defineClass@27
  0x000002ed91bf39f8: e471 8107 

  0x000002ed91bf39fc: ;   {other}
  0x000002ed91bf39fc: 0f1f 8400 | 6c05 0002 | 488b 5424 

  0x000002ed91bf3a08: ;   {metadata(method data for {method} {0x000002eda54352d8} 'defineClass' '(Ljava/lang/String;[BIILjava/security/ProtectionDomain;)Ljava/lang/Class;' in 'java/lang/ClassLoader')}
  0x000002ed91bf3a08: 7849 b8a8 | 1137 e8ed | 0200 0049 | 8380 9001 | 0000 014c | 8bc0 4c8b | 8c24 9800 | 0000 488b 
  0x000002ed91bf3a28: 5424 7848 | 8984 24a0 | 0000 000f 

  0x000002ed91bf3a34: ;   {optimized virtual_call}
  0x000002ed91bf3a34: 1f40 00e8 

  0x000002ed91bf3a38: ; ImmutableOopMap {[160]=Oop }
                      ;*invokevirtual postDefineClass {reexecute=0 rethrow=0 return_oop=0}
                      ; - java.lang.ClassLoader::defineClass@37
  0x000002ed91bf3a38: 640a f9ff 

  0x000002ed91bf3a3c: ;   {other}
  0x000002ed91bf3a3c: 0f1f 8400 | ac05 0003 | 488b 8424 | a000 0000 | 4881 c4b0 | 0000 005d 

  0x000002ed91bf3a54: ;   {poll_return}
  0x000002ed91bf3a54: 493b a750 | 0400 000f | 8799 0000 

  0x000002ed91bf3a60: ;   {metadata({method} {0x000002eda54352d8} 'defineClass' '(Ljava/lang/String;[BIILjava/security/ProtectionDomain;)Ljava/lang/Class;' in 'java/lang/ClassLoader')}
  0x000002ed91bf3a60: 00c3 49ba | d052 43a5 | ed02 0000 | 4c89 5424 | 0848 c704 | 24ff ffff 

  0x000002ed91bf3a78: ;   {runtime_call counter_overflow Runtime1 stub}
  0x000002ed91bf3a78: ffe8 0222 

  0x000002ed91bf3a7c: ; ImmutableOopMap {rdx=Oop r8=Oop r9=Oop rcx=Oop [120]=Oop }
                      ;*synchronization entry
                      ; - java.lang.ClassLoader::defineClass@-1
  0x000002ed91bf3a7c: 3007 e987 

  0x000002ed91bf3a80: ;   {metadata({method} {0x000002eda5434fc0} 'defineClassSourceLocation' '(Ljava/security/ProtectionDomain;)Ljava/lang/String;' in 'java/lang/ClassLoader')}
  0x000002ed91bf3a80: fcff ff49 | bab8 4f43 | a5ed 0200 | 004c 8954 | 2408 48c7 | 0424 ffff 

  0x000002ed91bf3a98: ;   {runtime_call counter_overflow Runtime1 stub}
  0x000002ed91bf3a98: ffff e8e1 

  0x000002ed91bf3a9c: ; ImmutableOopMap {rax=Oop [120]=Oop [128]=Oop [136]=Oop [152]=Oop }
                      ;*synchronization entry
                      ; - java.lang.ClassLoader::defineClassSourceLocation@-1
                      ; - java.lang.ClassLoader::defineClass@12
  0x000002ed91bf3a9c: 2130 07e9 | 00fd ffff 

  0x000002ed91bf3aa4: ;   {runtime_call throw_null_pointer_exception Runtime1 stub}
  0x000002ed91bf3aa4: e857 e526 

  0x000002ed91bf3aa8: ; ImmutableOopMap {rax=Oop [120]=Oop [128]=Oop [136]=Oop [152]=Oop }
                      ;*invokevirtual getCodeSource {reexecute=0 rethrow=0 return_oop=0}
                      ; - java.lang.ClassLoader::defineClassSourceLocation@1
                      ; - java.lang.ClassLoader::defineClass@12
                      ;   {runtime_call throw_null_pointer_exception Runtime1 stub}
  0x000002ed91bf3aa8: 07e8 52e5 

  0x000002ed91bf3aac: ; ImmutableOopMap {rax=Oop r8=Oop [120]=Oop [128]=Oop [136]=Oop [152]=Oop }
                      ;*invokevirtual getLocation {reexecute=0 rethrow=0 return_oop=0}
                      ; - java.lang.ClassLoader::defineClassSourceLocation@12
                      ; - java.lang.ClassLoader::defineClass@12
                      ;   {runtime_call throw_null_pointer_exception Runtime1 stub}
  0x000002ed91bf3aac: 2607 e84d 

  0x000002ed91bf3ab0: ; ImmutableOopMap {rdx=Oop [120]=Oop [128]=Oop [136]=Oop [152]=Oop }
                      ;*invokevirtual toString {reexecute=0 rethrow=0 return_oop=0}
                      ; - java.lang.ClassLoader::defineClassSourceLocation@22
                      ; - java.lang.ClassLoader::defineClass@12
                      ;   {metadata({method} {0x000002eda501abf0} 'toString' '()Ljava/lang/String;' in 'java/net/URL')}
  0x000002ed91bf3ab0: e526 0749 | bae8 ab01 | a5ed 0200 | 004c 8954 | 2408 48c7 | 0424 ffff 

  0x000002ed91bf3ac8: ;   {runtime_call counter_overflow Runtime1 stub}
  0x000002ed91bf3ac8: ffff e8b1 

  0x000002ed91bf3acc: ; ImmutableOopMap {rdx=Oop [120]=Oop [128]=Oop [136]=Oop [152]=Oop }
                      ;*synchronization entry
                      ; - java.net.URL::toString@-1
                      ; - java.lang.ClassLoader::defineClassSourceLocation@22
                      ; - java.lang.ClassLoader::defineClass@12
  0x000002ed91bf3acc: 2130 07e9 | d7fd ffff 

  0x000002ed91bf3ad4: ;   {metadata({method} {0x000002eda5428b60} 'toExternalForm' '()Ljava/lang/String;' in 'java/net/URL')}
  0x000002ed91bf3ad4: 49ba 588b | 42a5 ed02 | 0000 4c89 | 5424 0848 | c704 24ff 

  0x000002ed91bf3ae8: ;   {runtime_call counter_overflow Runtime1 stub}
  0x000002ed91bf3ae8: ffff ffe8 

  0x000002ed91bf3aec: ; ImmutableOopMap {rdx=Oop [120]=Oop [128]=Oop [136]=Oop [152]=Oop }
                      ;*synchronization entry
                      ; - java.net.URL::toExternalForm@-1
                      ; - java.net.URL::toString@1
                      ; - java.lang.ClassLoader::defineClassSourceLocation@22
                      ; - java.lang.ClassLoader::defineClass@12
  0x000002ed91bf3aec: 9021 3007 | e9f4 fdff 

  0x000002ed91bf3af4: ;   {runtime_call throw_null_pointer_exception Runtime1 stub}
  0x000002ed91bf3af4: ffe8 06e5 

  0x000002ed91bf3af8: ; ImmutableOopMap {rdx=Oop rsi=Oop [120]=Oop [128]=Oop [136]=Oop [152]=Oop }
                      ;*invokevirtual toExternalForm {reexecute=0 rethrow=0 return_oop=0}
                      ; - java.net.URL::toExternalForm@5
                      ; - java.net.URL::toString@1
                      ; - java.lang.ClassLoader::defineClassSourceLocation@22
                      ; - java.lang.ClassLoader::defineClass@12
                      ;   {internal_word}
  0x000002ed91bf3af8: 2607 49ba | 543a bf91 | ed02 0000 | 4d89 9768 

  0x000002ed91bf3b08: ;   {runtime_call SafepointBlob}
  0x000002ed91bf3b08: 0400 00e9 | f00f 2507 | 498b 8700 | 0500 0049 | c787 0005 | 0000 0000 | 0000 49c7 | 8708 0500 
  0x000002ed91bf3b28: 0000 0000 | 0048 81c4 | b000 0000 

  0x000002ed91bf3b34: ;   {runtime_call unwind_exception Runtime1 stub}
  0x000002ed91bf3b34: 5de9 c6f3 | 2607 f4f4 | f4f4 f4f4 
[Stub Code]
  0x000002ed91bf3b40: ;   {no_reloc}
  0x000002ed91bf3b40: 0f1f 4400 

  0x000002ed91bf3b44: ;   {static_stub}
  0x000002ed91bf3b44: 0048 bb00 | 0000 0000 

  0x000002ed91bf3b4c: ;   {runtime_call nmethod}
  0x000002ed91bf3b4c: 0000 00e9 | fbff ffff 

  0x000002ed91bf3b54: ;   {static_stub}
  0x000002ed91bf3b54: 48bb 0000 | 0000 0000 

  0x000002ed91bf3b5c: ;   {runtime_call nmethod}
  0x000002ed91bf3b5c: 0000 e9fb 

  0x000002ed91bf3b60: ;   {static_stub}
  0x000002ed91bf3b60: ffff ff48 | bb00 0000 | 0000 0000 

  0x000002ed91bf3b6c: ;   {runtime_call nmethod}
  0x000002ed91bf3b6c: 00e9 fbff 

  0x000002ed91bf3b70: ;   {static_stub}
  0x000002ed91bf3b70: ffff 48bb | 0000 0000 | 0000 0000 

  0x000002ed91bf3b7c: ;   {runtime_call nmethod}
  0x000002ed91bf3b7c: e9fb ffff 

  0x000002ed91bf3b80: ;   {runtime_call handle_exception_from_callee Runtime1 stub}
  0x000002ed91bf3b80: ffe8 7ac6 

  0x000002ed91bf3b84: ;   {external_word}
  0x000002ed91bf3b84: 2607 48b9 | 4053 b958 | fa7f 0000 | 4883 e4f0 

  0x000002ed91bf3b94: ;   {runtime_call}
  0x000002ed91bf3b94: 48b8 b0c3 | 7b58 fa7f | 0000 ffd0 

  0x000002ed91bf3ba0: ;   {section_word}
  0x000002ed91bf3ba0: f449 baa1 | 3bbf 91ed | 0200 0041 

  0x000002ed91bf3bac: ;   {runtime_call DeoptimizationBlob}
  0x000002ed91bf3bac: 52e9 ee01 | 2507 f4f4 | f4f4 f4f4 
[/MachCode]


Compiled method (c1) 21189 2407   !   3       org.eclipse.osgi.internal.loader.ModuleClassLoader::defineClass (67 bytes)
 total in heap  [0x000002ed91d3de10,0x000002ed91d3e9f0] = 3040
 relocation     [0x000002ed91d3df70,0x000002ed91d3e018] = 168
 main code      [0x000002ed91d3e020,0x000002ed91d3e620] = 1536
 stub code      [0x000002ed91d3e620,0x000002ed91d3e690] = 112
 oops           [0x000002ed91d3e690,0x000002ed91d3e698] = 8
 metadata       [0x000002ed91d3e698,0x000002ed91d3e6d8] = 64
 scopes data    [0x000002ed91d3e6d8,0x000002ed91d3e828] = 336
 scopes pcs     [0x000002ed91d3e828,0x000002ed91d3e938] = 272
 dependencies   [0x000002ed91d3e938,0x000002ed91d3e950] = 24
 handler table  [0x000002ed91d3e950,0x000002ed91d3e9c8] = 120
 nul chk table  [0x000002ed91d3e9c8,0x000002ed91d3e9f0] = 40

[Constant Pool (empty)]

[MachCode]
[Entry Point]
  # {method} {0x000002ede85dfe98} 'defineClass' '(Ljava/lang/String;[BLorg/eclipse/osgi/internal/loader/classpath/ClasspathEntry;)Lorg/eclipse/osgi/internal/loader/ModuleClassLoader$DefineClassResult;' in 'org/eclipse/osgi/internal/loader/ModuleClassLoader'
  # this:     rdx:rdx   = 'org/eclipse/osgi/internal/loader/ModuleClassLoader'
  # parm0:    r8:r8     = 'java/lang/String'
  # parm1:    r9:r9     = '[B'
  # parm2:    rdi:rdi   = 'org/eclipse/osgi/internal/loader/classpath/ClasspathEntry'
  #           [sp+0xb0]  (sp of caller)
  0x000002ed91d3e020: 448b 5208 | 49bb 0000 | 00a5 ed02 | 0000 4d03 | d34c 3bd0 

  0x000002ed91d3e034: ;   {runtime_call ic_miss_stub}
  0x000002ed91d3e034: 0f85 4604 | 1007 660f | 1f44 0000 
[Verified Entry Point]
  0x000002ed91d3e040: 8984 2400 | 80ff ff55 | 4881 eca0 | 0000 0090 | 4181 7f20 | 0200 0000 

  0x000002ed91d3e058: ;   {runtime_call StubRoutines (final stubs)}
  0x000002ed91d3e058: 7405 e881 

  0x000002ed91d3e05c: ;   {metadata(method data for {method} {0x000002ede85dfe98} 'defineClass' '(Ljava/lang/String;[BLorg/eclipse/osgi/internal/loader/classpath/ClasspathEntry;)Lorg/eclipse/osgi/internal/loader/ModuleClassLoader$DefineClassResult;' in 'org/eclipse/osgi/internal/loader/ModuleClassLoader')}
  0x000002ed91d3e05c: a90e 0748 | be48 cdab | e8ed 0200 | 008b 9ecc | 0000 0083 | c302 899e | cc00 0000 | 81e3 fe07 
  0x000002ed91d3e07c: 0000 85db | 0f84 5304 | 0000 4889 | 7c24 704c | 894c 2468 

  0x000002ed91d3e090: ;   {metadata(method data for {method} {0x000002ede85dfe98} 'defineClass' '(Ljava/lang/String;[BLorg/eclipse/osgi/internal/loader/classpath/ClasspathEntry;)Lorg/eclipse/osgi/internal/loader/ModuleClassLoader$DefineClassResult;' in 'org/eclipse/osgi/internal/loader/ModuleClassLoader')}
  0x000002ed91d3e090: 488b f248 | bb48 cdab | e8ed 0200 | 008b 7608 | 49ba 0000 | 00a5 ed02 | 0000 4903 | f248 3bb3 
  0x000002ed91d3e0b0: 2001 0000 | 750d 4883 | 8328 0100 | 0001 e960 | 0000 0048 | 3bb3 3001 | 0000 750d | 4883 8338 
  0x000002ed91d3e0d0: 0100 0001 | e94a 0000 | 0048 83bb | 2001 0000 | 0075 1748 | 89b3 2001 | 0000 48c7 | 8328 0100 
  0x000002ed91d3e0f0: 0001 0000 | 00e9 2900 | 0000 4883 | bb30 0100 | 0000 7517 | 4889 b330 | 0100 0048 | c783 3801 
  0x000002ed91d3e110: 0000 0100 | 0000 e908 | 0000 0048 | 8383 1001 

  0x000002ed91d3e120: ;   {metadata(method data for {method} {0x000002ede8624b48} 'getClassLoadingLock' '(Ljava/lang/String;)Ljava/lang/Object;' in 'org/eclipse/osgi/internal/loader/ModuleClassLoader')}
  0x000002ed91d3e120: 0000 0148 | be20 b17b | e8ed 0200 | 008b 9ecc | 0000 0083 | c302 899e | cc00 0000 | 81e3 feff 
  0x000002ed91d3e140: 1f00 85db | 0f84 b003 | 0000 8b72 | 5048 3b06 

  0x000002ed91d3e150: ;   {metadata(method data for {method} {0x000002ede8624b48} 'getClassLoadingLock' '(Ljava/lang/String;)Ljava/lang/Object;' in 'org/eclipse/osgi/internal/loader/ModuleClassLoader')}
  0x000002ed91d3e150: 488b de48 | b820 b17b | e8ed 0200 | 0048 8380 | 1001 0000 | 0149 8bd8 | 4c8b c348 | 8954 2458 
  0x000002ed91d3e170: 488b d648 | 895c 2460 | 0f1f 8000 

  0x000002ed91d3e17c: ;   {optimized virtual_call}
  0x000002ed91d3e17c: 0000 00e8 

  0x000002ed91d3e180: ; ImmutableOopMap {[88]=Oop [96]=Oop [104]=Oop [112]=Oop }
                      ;*invokevirtual getLock {reexecute=0 rethrow=0 return_oop=0}
                      ; - org.eclipse.osgi.internal.loader.ModuleClassLoader::getClassLoadingLock@5 (line 437)
                      ; - org.eclipse.osgi.internal.loader.ModuleClassLoader::defineClass@8 (line 312)
  0x000002ed91d3e180: fc51 efff 

  0x000002ed91d3e184: ;   {other}
  0x000002ed91d3e184: 0f1f 8400 | 7403 0000 | 4889 4424 | 7848 8d94 | 2480 0000 | 0048 8bf0 | 4889 7208 

  0x000002ed91d3e1a0: ; implicit exception: dispatches to 0x000002ed91d3e520
  0x000002ed91d3e1a0: 488b 0648 | 83c8 0148 | 8902 f048 | 0fb1 160f | 8412 0000 | 0048 2bc4 | 4825 07f0 | ffff 4889 
  0x000002ed91d3e1c0: 020f 855e | 0300 0049 | ff87 5005 | 0000 488b 

  0x000002ed91d3e1d0: ;   {metadata(method data for {method} {0x000002ede85dfe98} 'defineClass' '(Ljava/lang/String;[BLorg/eclipse/osgi/internal/loader/classpath/ClasspathEntry;)Lorg/eclipse/osgi/internal/loader/ModuleClassLoader$DefineClassResult;' in 'org/eclipse/osgi/internal/loader/ModuleClassLoader')}
  0x000002ed91d3e1d0: 5424 5848 | be48 cdab | e8ed 0200 | 0048 8386 | 4801 0000 

  0x000002ed91d3e1e4: ;   {metadata(method data for {method} {0x000002eda54353e0} 'findLoadedClass' '(Ljava/lang/String;)Ljava/lang/Class;' in 'java/lang/ClassLoader')}
  0x000002ed91d3e1e4: 0148 ba38 | fd23 e8ed | 0200 008b | b2cc 0000 | 0083 c602 | 89b2 cc00 | 0000 81e6 | feff 1f00 
  0x000002ed91d3e204: 85f6 0f84 | 2c03 0000 

  0x000002ed91d3e20c: ;   {metadata(method data for {method} {0x000002eda54353e0} 'findLoadedClass' '(Ljava/lang/String;)Ljava/lang/Class;' in 'java/lang/ClassLoader')}
  0x000002ed91d3e20c: 48ba 38fd | 23e8 ed02 | 0000 4883 | 8210 0100 | 0001 488b | 5424 600f 

  0x000002ed91d3e224: ;   {static_call}
  0x000002ed91d3e224: 1f40 00e8 

  0x000002ed91d3e228: ; ImmutableOopMap {[88]=Oop [96]=Oop [104]=Oop [112]=Oop [120]=Oop [136]=Oop }
                      ;*invokestatic checkName {reexecute=0 rethrow=0 return_oop=0}
                      ; - java.lang.ClassLoader::findLoadedClass@1
                      ; - org.eclipse.osgi.internal.loader.ModuleClassLoader::defineClass@17 (line 313)
  0x000002ed91d3e228: 94b5 7307 

  0x000002ed91d3e22c: ;   {other}
  0x000002ed91d3e22c: 0f1f 8400 | 1c04 0001 

  0x000002ed91d3e234: ;   {metadata(method data for {method} {0x000002eda54353e0} 'findLoadedClass' '(Ljava/lang/String;)Ljava/lang/Class;' in 'java/lang/ClassLoader')}
  0x000002ed91d3e234: 85c0 49b8 | 38fd 23e8 | ed02 0000 | 48c7 c220 | 0100 0075 | 0748 c7c2 | 3001 0000 | 498b 3410 
  0x000002ed91d3e254: 488d 7601 | 4989 3410 | 0f85 0f00 

  0x000002ed91d3e260: ;   {oop(nullptr)}
  0x000002ed91d3e260: 0000 48be | 0000 0000 | 0000 0000 | e936 0000 | 0048 8b54 

  0x000002ed91d3e274: ;   {metadata(method data for {method} {0x000002eda54353e0} 'findLoadedClass' '(Ljava/lang/String;)Ljava/lang/Class;' in 'java/lang/ClassLoader')}
  0x000002ed91d3e274: 2458 49b8 | 38fd 23e8 | ed02 0000 | 4983 8040 | 0100 0001 | 4c8b 4424 | 6048 8b54 | 2458 0f1f 
  0x000002ed91d3e294: ;   {optimized virtual_call}
  0x000002ed91d3e294: 4400 00e8 

  0x000002ed91d3e298: ; ImmutableOopMap {[88]=Oop [96]=Oop [104]=Oop [112]=Oop [120]=Oop [136]=Oop }
                      ;*invokevirtual findLoadedClass0 {reexecute=0 rethrow=0 return_oop=0}
                      ; - java.lang.ClassLoader::findLoadedClass@11
                      ; - org.eclipse.osgi.internal.loader.ModuleClassLoader::defineClass@17 (line 313)
  0x000002ed91d3e298: a45a 6707 

  0x000002ed91d3e29c: ;   {other}
  0x000002ed91d3e29c: 0f1f 8400 | 8c04 0002 | 488b f048 

  0x000002ed91d3e2a8: ;   {metadata(method data for {method} {0x000002ede85dfe98} 'defineClass' '(Ljava/lang/String;[BLorg/eclipse/osgi/internal/loader/classpath/ClasspathEntry;)Lorg/eclipse/osgi/internal/loader/ModuleClassLoader$DefineClassResult;' in 'org/eclipse/osgi/internal/loader/ModuleClassLoader')}
  0x000002ed91d3e2a8: 85f6 49b8 | 48cd abe8 | ed02 0000 | 49c7 c190 | 0100 0074 | 0749 c7c1 | 8001 0000 | 4b8b 3c08 
  0x000002ed91d3e2c8: 488d 7f01 | 4b89 3c08 | 0f84 0e00 | 0000 488b | de41 b800 | 0000 00e9 | 6900 0000 | 488b 7c24 
  0x000002ed91d3e2e8: 704c 8b4c | 2468 4c8b | 4424 6048 | 8b54 2458 

  0x000002ed91d3e2f8: ; implicit exception: dispatches to 0x000002ed91d3e559
  0x000002ed91d3e2f8: 418b 710c 

  0x000002ed91d3e2fc: ; implicit exception: dispatches to 0x000002ed91d3e55e
  0x000002ed91d3e2fc: 483b 0748 

  0x000002ed91d3e300: ;   {metadata(method data for {method} {0x000002ede85dfe98} 'defineClass' '(Ljava/lang/String;[BLorg/eclipse/osgi/internal/loader/classpath/ClasspathEntry;)Lorg/eclipse/osgi/internal/loader/ModuleClassLoader$DefineClassResult;' in 'org/eclipse/osgi/internal/loader/ModuleClassLoader')}
  0x000002ed91d3e300: 8bcf 48bb | 48cd abe8 | ed02 0000 | 4883 83b8 | 0100 0001 | 8b4f 1048 

  0x000002ed91d3e318: ;   {metadata(method data for {method} {0x000002ede85dfe98} 'defineClass' '(Ljava/lang/String;[BLorg/eclipse/osgi/internal/loader/classpath/ClasspathEntry;)Lorg/eclipse/osgi/internal/loader/ModuleClassLoader$DefineClassResult;' in 'org/eclipse/osgi/internal/loader/ModuleClassLoader')}
  0x000002ed91d3e318: 8bfa 48bb | 48cd abe8 | ed02 0000 | 4883 83d8 | 0100 0001 | bf00 0000 | 0066 0f1f 

  0x000002ed91d3e334: ;   {optimized virtual_call}
  0x000002ed91d3e334: 4400 00e8 

  0x000002ed91d3e338: ; ImmutableOopMap {[120]=Oop [136]=Oop }
                      ;*invokevirtual defineClass {reexecute=0 rethrow=0 return_oop=0}
                      ; - org.eclipse.osgi.internal.loader.ModuleClassLoader::defineClass@37 (line 315)
  0x000002ed91d3e338: 8453 ebff 

  0x000002ed91d3e33c: ;   {other}
  0x000002ed91d3e33c: 0f1f 8400 | 2c05 0003 | 488b d841 | b801 0000 | 0048 8d84 | 2480 0000 | 0048 8b10 | 4885 d20f 
  0x000002ed91d3e35c: 840f 0000 | 0048 8b70 | 08f0 480f | b116 0f85 | f301 0000 | 49ff 8f50 

  0x000002ed91d3e374: ;   {metadata(method data for {method} {0x000002ede85dfe98} 'defineClass' '(Ljava/lang/String;[BLorg/eclipse/osgi/internal/loader/classpath/ClasspathEntry;)Lorg/eclipse/osgi/internal/loader/ModuleClassLoader$DefineClassResult;' in 'org/eclipse/osgi/internal/loader/ModuleClassLoader')}
  0x000002ed91d3e374: 0500 0048 | ba48 cdab | e8ed 0200 | 00ff 8210 

  0x000002ed91d3e384: ;   {metadata('org/eclipse/osgi/internal/loader/ModuleClassLoader$DefineClassResult')}
  0x000002ed91d3e384: 0200 0048 | bae0 d911 | a6ed 0200 | 0049 8b87 | b801 0000 | 488d 7818 | 493b bfc8 | 0100 000f 
  0x000002ed91d3e3a4: 87d0 0100 | 0049 89bf | b801 0000 | 48c7 0001 | 0000 0048 | 8bca 49ba | 0000 00a5 | ed02 0000 
  0x000002ed91d3e3c4: 492b ca89 | 4808 4833 | c989 480c | 4833 c948 | 8948 1048 

  0x000002ed91d3e3d8: ;   {metadata(method data for {method} {0x000002ede85dfe98} 'defineClass' '(Ljava/lang/String;[BLorg/eclipse/osgi/internal/loader/classpath/ClasspathEntry;)Lorg/eclipse/osgi/internal/loader/ModuleClassLoader$DefineClassResult;' in 'org/eclipse/osgi/internal/loader/ModuleClassLoader')}
  0x000002ed91d3e3d8: 8bf0 48bf | 48cd abe8 | ed02 0000 | 4883 8728 | 0200 0001 

  0x000002ed91d3e3ec: ;   {metadata(method data for {method} {0x000002ede873e7b0} '<init>' '(Ljava/lang/Class;Z)V' in 'org/eclipse/osgi/internal/loader/ModuleClassLoader$DefineClassResult')}
  0x000002ed91d3e3ec: 48be 98c9 | a2e8 ed02 | 0000 8bbe | cc00 0000 | 83c7 0289 | becc 0000 | 0081 e7fe | ff1f 0085 
  0x000002ed91d3e40c: ff0f 8473 | 0100 0048 

  0x000002ed91d3e414: ;   {metadata(method data for {method} {0x000002ede873e7b0} '<init>' '(Ljava/lang/Class;Z)V' in 'org/eclipse/osgi/internal/loader/ModuleClassLoader$DefineClassResult')}
  0x000002ed91d3e414: 8bf0 48bf | 98c9 a2e8 | ed02 0000 | 4883 8710 | 0100 0001 

  0x000002ed91d3e428: ;   {metadata(method data for {method} {0x000002eda5474dc0} '<init>' '()V' in 'java/lang/Object')}
  0x000002ed91d3e428: 48be 9067 | 00e8 ed02 | 0000 8bbe | cc00 0000 | 83c7 0289 | becc 0000 | 0081 e7fe | ff1f 0085 
  0x000002ed91d3e448: ff0f 8458 | 0100 004c | 8bd3 4489 | 5010 488d | 3048 c1ee | 0948 bf00 | 00c6 8ded | 0200 00c6 
  0x000002ed91d3e468: 043e 0041 | 83e0 0144 | 8840 0c48 | 81c4 a000 

  0x000002ed91d3e478: ;   {poll_return}
  0x000002ed91d3e478: 0000 5d49 | 3ba7 5004 | 0000 0f87 | 4001 0000 | c349 8b87 | 0005 0000 | 4d33 d24d | 8997 0005 
  0x000002ed91d3e498: 0000 4d33 | d24d 8997 | 0805 0000 | 488b f048 | 8d84 2480 | 0000 0048 | 8b38 4885 | ff0f 840f 
  0x000002ed91d3e4b8: 0000 0048 | 8b58 08f0 | 480f b13b | 0f85 1401 | 0000 49ff | 8f50 0500 | 0048 8bc6 | e938 0100 
  0x000002ed91d3e4d8: ;   {metadata({method} {0x000002ede85dfe98} 'defineClass' '(Ljava/lang/String;[BLorg/eclipse/osgi/internal/loader/classpath/ClasspathEntry;)Lorg/eclipse/osgi/internal/loader/ModuleClassLoader$DefineClassResult;' in 'org/eclipse/osgi/internal/loader/ModuleClassLoader')}
  0x000002ed91d3e4d8: 0049 ba90 | fe5d e8ed | 0200 004c | 8954 2408 | 48c7 0424 | ffff ffff 

  0x000002ed91d3e4f0: ;   {runtime_call counter_overflow Runtime1 stub}
  0x000002ed91d3e4f0: e88b 771b 

  0x000002ed91d3e4f4: ; ImmutableOopMap {rdx=Oop r8=Oop r9=Oop rdi=Oop }
                      ;*synchronization entry
                      ; - org.eclipse.osgi.internal.loader.ModuleClassLoader::defineClass@-1 (line 310)
  0x000002ed91d3e4f4: 07e9 8cfb 

  0x000002ed91d3e4f8: ;   {metadata({method} {0x000002ede8624b48} 'getClassLoadingLock' '(Ljava/lang/String;)Ljava/lang/Object;' in 'org/eclipse/osgi/internal/loader/ModuleClassLoader')}
  0x000002ed91d3e4f8: ffff 49ba | 404b 62e8 | ed02 0000 | 4c89 5424 | 0848 c704 | 24ff ffff 

  0x000002ed91d3e510: ;   {runtime_call counter_overflow Runtime1 stub}
  0x000002ed91d3e510: ffe8 6a77 

  0x000002ed91d3e514: ; ImmutableOopMap {rdx=Oop r8=Oop [104]=Oop [112]=Oop }
                      ;*synchronization entry
                      ; - org.eclipse.osgi.internal.loader.ModuleClassLoader::getClassLoadingLock@-1 (line 437)
                      ; - org.eclipse.osgi.internal.loader.ModuleClassLoader::defineClass@8 (line 312)
  0x000002ed91d3e514: 1b07 e92f 

  0x000002ed91d3e518: ;   {runtime_call throw_null_pointer_exception Runtime1 stub}
  0x000002ed91d3e518: fcff ffe8 

  0x000002ed91d3e51c: ; ImmutableOopMap {rdx=Oop r8=Oop rsi=Oop [104]=Oop [112]=Oop }
                      ;*invokevirtual getLock {reexecute=0 rethrow=0 return_oop=0}
                      ; - org.eclipse.osgi.internal.loader.ModuleClassLoader::getClassLoadingLock@5 (line 437)
                      ; - org.eclipse.osgi.internal.loader.ModuleClassLoader::defineClass@8 (line 312)
  0x000002ed91d3e51c: e03a 1207 

  0x000002ed91d3e520: ;   {runtime_call throw_null_pointer_exception Runtime1 stub}
  0x000002ed91d3e520: e8db 3a12 

  0x000002ed91d3e524: ; ImmutableOopMap {rsi=Oop [88]=Oop [96]=Oop [104]=Oop [112]=Oop [120]=Oop }
                      ;*monitorenter {reexecute=0 rethrow=0 return_oop=0}
                      ; - org.eclipse.osgi.internal.loader.ModuleClassLoader::defineClass@14 (line 312)
  0x000002ed91d3e524: 0748 8974 | 2408 4889 

  0x000002ed91d3e52c: ;   {runtime_call monitorenter_nofpu Runtime1 stub}
  0x000002ed91d3e52c: 1424 e84d 

  0x000002ed91d3e530: ; ImmutableOopMap {rsi=Oop [88]=Oop [96]=Oop [104]=Oop [112]=Oop [120]=Oop [136]=Oop }
                      ;*monitorenter {reexecute=0 rethrow=0 return_oop=0}
                      ; - org.eclipse.osgi.internal.loader.ModuleClassLoader::defineClass@14 (line 312)
  0x000002ed91d3e530: 561b 07e9 | 96fc ffff 

  0x000002ed91d3e538: ;   {metadata({method} {0x000002eda54353e0} 'findLoadedClass' '(Ljava/lang/String;)Ljava/lang/Class;' in 'java/lang/ClassLoader')}
  0x000002ed91d3e538: 49ba d853 | 43a5 ed02 | 0000 4c89 | 5424 0848 | c704 24ff 

  0x000002ed91d3e54c: ;   {runtime_call counter_overflow Runtime1 stub}
  0x000002ed91d3e54c: ffff ffe8 

  0x000002ed91d3e550: ; ImmutableOopMap {[88]=Oop [96]=Oop [104]=Oop [112]=Oop [120]=Oop [136]=Oop }
                      ;*synchronization entry
                      ; - java.lang.ClassLoader::findLoadedClass@-1
                      ; - org.eclipse.osgi.internal.loader.ModuleClassLoader::defineClass@17 (line 313)
  0x000002ed91d3e550: 2c77 1b07 | e9b3 fcff 

  0x000002ed91d3e558: ;   {runtime_call throw_null_pointer_exception Runtime1 stub}
  0x000002ed91d3e558: ffe8 a23a 

  0x000002ed91d3e55c: ; ImmutableOopMap {rdx=Oop r8=Oop r9=Oop rdi=Oop [120]=Oop [136]=Oop }
                      ;*arraylength {reexecute=0 rethrow=0 return_oop=0}
                      ; - org.eclipse.osgi.internal.loader.ModuleClassLoader::defineClass@32 (line 315)
                      ;   {runtime_call throw_null_pointer_exception Runtime1 stub}
  0x000002ed91d3e55c: 1207 e89d 

  0x000002ed91d3e560: ; ImmutableOopMap {rdx=Oop r8=Oop r9=Oop rdi=Oop [120]=Oop [136]=Oop }
                      ;*invokevirtual getDomain {reexecute=0 rethrow=0 return_oop=0}
                      ; - org.eclipse.osgi.internal.loader.ModuleClassLoader::defineClass@34 (line 315)
  0x000002ed91d3e560: 3a12 0748 | 8d84 2480 | 0000 0048 

  0x000002ed91d3e56c: ;   {runtime_call monitorexit_nofpu Runtime1 stub}
  0x000002ed91d3e56c: 8904 24e8 | 0c5c 1b07 | e9fe fdff | ff48 8bd2 

  0x000002ed91d3e57c: ;   {runtime_call fast_new_instance Runtime1 stub}
  0x000002ed91d3e57c: e87f 3112 

  0x000002ed91d3e580: ; ImmutableOopMap {rbx=Oop }
                      ;*new {reexecute=0 rethrow=0 return_oop=0}
                      ; - org.eclipse.osgi.internal.loader.ModuleClassLoader::defineClass@55 (line 319)
  0x000002ed91d3e580: 07e9 51fe 

  0x000002ed91d3e584: ;   {metadata({method} {0x000002ede873e7b0} '<init>' '(Ljava/lang/Class;Z)V' in 'org/eclipse/osgi/internal/loader/ModuleClassLoader$DefineClassResult')}
  0x000002ed91d3e584: ffff 49ba | a8e7 73e8 | ed02 0000 | 4c89 5424 | 0848 c704 | 24ff ffff 

  0x000002ed91d3e59c: ;   {runtime_call counter_overflow Runtime1 stub}
  0x000002ed91d3e59c: ffe8 de76 

  0x000002ed91d3e5a0: ; ImmutableOopMap {rbx=Oop rax=Oop }
                      ;*synchronization entry
                      ; - org.eclipse.osgi.internal.loader.ModuleClassLoader$DefineClassResult::<init>@-1 (line 96)
                      ; - org.eclipse.osgi.internal.loader.ModuleClassLoader::defineClass@63 (line 319)
  0x000002ed91d3e5a0: 1b07 e96c 

  0x000002ed91d3e5a4: ;   {metadata({method} {0x000002eda5474dc0} '<init>' '()V' in 'java/lang/Object')}
  0x000002ed91d3e5a4: feff ff49 | bab8 4d47 | a5ed 0200 | 004c 8954 | 2408 48c7 | 0424 ffff 

  0x000002ed91d3e5bc: ;   {runtime_call counter_overflow Runtime1 stub}
  0x000002ed91d3e5bc: ffff e8bd 

  0x000002ed91d3e5c0: ; ImmutableOopMap {rbx=Oop rax=Oop }
                      ;*synchronization entry
                      ; - java.lang.Object::<init>@-1
                      ; - org.eclipse.osgi.internal.loader.ModuleClassLoader$DefineClassResult::<init>@1 (line 96)
                      ; - org.eclipse.osgi.internal.loader.ModuleClassLoader::defineClass@63 (line 319)
  0x000002ed91d3e5c0: 761b 07e9 | 87fe ffff 

  0x000002ed91d3e5c8: ;   {internal_word}
  0x000002ed91d3e5c8: 49ba 7be4 | d391 ed02 | 0000 4d89 | 9768 0400 

  0x000002ed91d3e5d8: ;   {runtime_call SafepointBlob}
  0x000002ed91d3e5d8: 00e9 2265 | 1007 488d | 8424 8000 | 0000 4889 

  0x000002ed91d3e5e8: ;   {runtime_call monitorexit_nofpu Runtime1 stub}
  0x000002ed91d3e5e8: 0424 e891 | 5b1b 07e9 | ddfe ffff | 498b 8700 | 0500 0049 | c787 0005 | 0000 0000 | 0000 49c7 
  0x000002ed91d3e608: 8708 0500 | 0000 0000 | 0048 81c4 | a000 0000 

  0x000002ed91d3e618: ;   {runtime_call unwind_exception Runtime1 stub}
  0x000002ed91d3e618: 5de9 e248 | 1207 f4f4 
[Stub Code]
  0x000002ed91d3e620: ;   {no_reloc}
  0x000002ed91d3e620: 48bb 0000 | 0000 0000 

  0x000002ed91d3e628: ;   {runtime_call nmethod}
  0x000002ed91d3e628: 0000 e9fb 

  0x000002ed91d3e62c: ;   {static_stub}
  0x000002ed91d3e62c: ffff ff48 | bb00 0000 | 0000 0000 

  0x000002ed91d3e638: ;   {runtime_call nmethod}
  0x000002ed91d3e638: 00e9 fbff 

  0x000002ed91d3e63c: ;   {static_stub}
  0x000002ed91d3e63c: ffff 48bb | 0000 0000 | 0000 0000 

  0x000002ed91d3e648: ;   {runtime_call nmethod}
  0x000002ed91d3e648: e9fb ffff 

  0x000002ed91d3e64c: ;   {static_stub}
  0x000002ed91d3e64c: ff48 bb00 | 0000 0000 

  0x000002ed91d3e654: ;   {runtime_call nmethod}
  0x000002ed91d3e654: 0000 00e9 | fbff ffff 
[Exception Handler]
  0x000002ed91d3e65c: ;   {runtime_call handle_exception_from_callee Runtime1 stub}
  0x000002ed91d3e65c: e89f 1b12 

  0x000002ed91d3e660: ;   {external_word}
  0x000002ed91d3e660: 0748 b940 | 53b9 58fa | 7f00 0048 

  0x000002ed91d3e66c: ;   {runtime_call}
  0x000002ed91d3e66c: 83e4 f048 | b8b0 c37b | 58fa 7f00 | 00ff d0f4 
[Deopt Handler Code]
  0x000002ed91d3e67c: ;   {section_word}
  0x000002ed91d3e67c: 49ba 7ce6 | d391 ed02 | 0000 4152 

  0x000002ed91d3e688: ;   {runtime_call DeoptimizationBlob}
  0x000002ed91d3e688: e913 5710 | 07f4 f4f4 
[/MachCode]


---------------  P R O C E S S  ---------------

Threads class SMR info:
_java_thread_list=0x000002edeca65b10, length=32, elements={
0x000002ed8e6bbd10, 0x000002ed8e62e640, 0x000002ed8e631a90, 0x000002ed8e634670,
0x000002ed8e6360e0, 0x000002ed8e636b40, 0x000002ed8e63b5b0, 0x000002ed8e63e400,
0x000002ede79d8330, 0x000002ede7bd1870, 0x000002ede7cc26a0, 0x000002edec7ef350,
0x000002edec6e2830, 0x000002edec7d7f20, 0x000002edec014a90, 0x000002ede7bbf520,
0x000002edec53fff0, 0x000002edec2c12d0, 0x000002edec0c3d30, 0x000002edec0c4a50,
0x000002edec0c5770, 0x000002edec0c5e00, 0x000002edec0c50e0, 0x000002edec0c36a0,
0x000002edec0c6b20, 0x000002edec0c43c0, 0x000002edec0c6490, 0x000002edeca83f10,
0x000002edeca852c0, 0x000002edeca845a0, 0x000002edeca84c30, 0x000002edeca85950
}

Java Threads: ( => current thread )
  0x000002ed8e6bbd10 JavaThread "main"                              [_thread_blocked, id=24084, stack(0x000000f01c600000,0x000000f01c700000) (1024K)]
  0x000002ed8e62e640 JavaThread "Reference Handler"          daemon [_thread_blocked, id=11148, stack(0x000000f01ca00000,0x000000f01cb00000) (1024K)]
  0x000002ed8e631a90 JavaThread "Finalizer"                  daemon [_thread_blocked, id=23920, stack(0x000000f01cb00000,0x000000f01cc00000) (1024K)]
  0x000002ed8e634670 JavaThread "Signal Dispatcher"          daemon [_thread_blocked, id=25808, stack(0x000000f01cc00000,0x000000f01cd00000) (1024K)]
  0x000002ed8e6360e0 JavaThread "Attach Listener"            daemon [_thread_blocked, id=26248, stack(0x000000f01cd00000,0x000000f01ce00000) (1024K)]
  0x000002ed8e636b40 JavaThread "Service Thread"             daemon [_thread_blocked, id=13076, stack(0x000000f01ce00000,0x000000f01cf00000) (1024K)]
  0x000002ed8e63b5b0 JavaThread "Monitor Deflation Thread"   daemon [_thread_blocked, id=4976, stack(0x000000f01cf00000,0x000000f01d000000) (1024K)]
  0x000002ed8e63e400 JavaThread "C2 CompilerThread0"         daemon [_thread_blocked, id=23232, stack(0x000000f01d000000,0x000000f01d100000) (1024K)]
  0x000002ede79d8330 JavaThread "C1 CompilerThread0"         daemon [_thread_blocked, id=9120, stack(0x000000f01d100000,0x000000f01d200000) (1024K)]
  0x000002ede7bd1870 JavaThread "Common-Cleaner"             daemon [_thread_blocked, id=9896, stack(0x000000f01d300000,0x000000f01d400000) (1024K)]
  0x000002ede7cc26a0 JavaThread "Notification Thread"        daemon [_thread_blocked, id=18152, stack(0x000000f01d200000,0x000000f01d300000) (1024K)]
  0x000002edec7ef350 JavaThread "Active Thread: Equinox Container: 540764d2-437c-40ab-8c23-c50840fab168"        [_thread_blocked, id=9684, stack(0x000000f01da00000,0x000000f01db00000) (1024K)]
  0x000002edec6e2830 JavaThread "Framework Event Dispatcher: Equinox Container: 540764d2-437c-40ab-8c23-c50840fab168" daemon [_thread_blocked, id=25320, stack(0x000000f01db00000,0x000000f01dc00000) (1024K)]
  0x000002edec7d7f20 JavaThread "Start Level: Equinox Container: 540764d2-437c-40ab-8c23-c50840fab168" daemon [_thread_blocked, id=22148, stack(0x000000f01dc00000,0x000000f01dd00000) (1024K)]
  0x000002edec014a90 JavaThread "SCR Component Actor"        daemon [_thread_blocked, id=23916, stack(0x000000f01de00000,0x000000f01df00000) (1024K)]
  0x000002ede7bbf520 JavaThread "Worker-JM"                         [_thread_blocked, id=17676, stack(0x000000f01df00000,0x000000f01e000000) (1024K)]
  0x000002edec53fff0 JavaThread "JNA Cleaner"                daemon [_thread_blocked, id=23476, stack(0x000000f01e000000,0x000000f01e100000) (1024K)]
  0x000002edec2c12d0 JavaThread "Worker-0"                          [_thread_blocked, id=6192, stack(0x000000f01e100000,0x000000f01e200000) (1024K)]
  0x000002edec0c3d30 JavaThread "Worker-1"                          [_thread_blocked, id=26284, stack(0x000000f01e200000,0x000000f01e300000) (1024K)]
  0x000002edec0c4a50 JavaThread "Thread-1"                   daemon [_thread_in_native, id=10916, stack(0x000000f01e600000,0x000000f01e700000) (1024K)]
  0x000002edec0c5770 JavaThread "Thread-2"                   daemon [_thread_in_native, id=12948, stack(0x000000f01e700000,0x000000f01e800000) (1024K)]
  0x000002edec0c5e00 JavaThread "Thread-3"                   daemon [_thread_in_native, id=27276, stack(0x000000f01e800000,0x000000f01e900000) (1024K)]
  0x000002edec0c50e0 JavaThread "Thread-4"                   daemon [_thread_in_native, id=18576, stack(0x000000f01e900000,0x000000f01ea00000) (1024K)]
  0x000002edec0c36a0 JavaThread "Thread-5"                   daemon [_thread_in_native, id=27020, stack(0x000000f01ea00000,0x000000f01eb00000) (1024K)]
  0x000002edec0c6b20 JavaThread "Thread-6"                   daemon [_thread_in_native, id=14504, stack(0x000000f01eb00000,0x000000f01ec00000) (1024K)]
  0x000002edec0c43c0 JavaThread "Thread-7"                   daemon [_thread_in_native, id=9696, stack(0x000000f01ec00000,0x000000f01ed00000) (1024K)]
  0x000002edec0c6490 JavaThread "Thread-8"                   daemon [_thread_in_native, id=3508, stack(0x000000f01ed00000,0x000000f01ee00000) (1024K)]
  0x000002edeca83f10 JavaThread "Thread-9"                   daemon [_thread_in_native, id=16680, stack(0x000000f01ee00000,0x000000f01ef00000) (1024K)]
  0x000002edeca852c0 JavaThread "pool-2-thread-1"                   [_thread_blocked, id=25464, stack(0x000000f01ef00000,0x000000f01f000000) (1024K)]
  0x000002edeca845a0 JavaThread "Worker-2"                          [_thread_blocked, id=20400, stack(0x000000f01f000000,0x000000f01f100000) (1024K)]
  0x000002edeca84c30 JavaThread "WorkspaceEventsHandler"            [_thread_blocked, id=25608, stack(0x000000f01e500000,0x000000f01e600000) (1024K)]
=>0x000002edeca85950 JavaThread "pool-1-thread-1"                   [_thread_in_vm, id=7556, stack(0x000000f01f100000,0x000000f01f200000) (1024K)]
Total: 32

Other Threads:
  0x000002ed8e612530 VMThread "VM Thread"                           [id=15612, stack(0x000000f01c900000,0x000000f01ca00000) (1024K)]
  0x000002ed8e54ca00 WatcherThread "VM Periodic Task Thread"        [id=25316, stack(0x000000f01c800000,0x000000f01c900000) (1024K)]
  0x000002ed8e6d9df0 WorkerThread "GC Thread#0"                     [id=22552, stack(0x000000f01c700000,0x000000f01c800000) (1024K)]
  0x000002ede7d43bb0 WorkerThread "GC Thread#1"                     [id=17660, stack(0x000000f01d400000,0x000000f01d500000) (1024K)]
  0x000002ede7d43f60 WorkerThread "GC Thread#2"                     [id=26420, stack(0x000000f01d500000,0x000000f01d600000) (1024K)]
  0x000002ede7d425e0 WorkerThread "GC Thread#3"                     [id=5704, stack(0x000000f01d600000,0x000000f01d700000) (1024K)]
  0x000002ede7d42990 WorkerThread "GC Thread#4"                     [id=27184, stack(0x000000f01d700000,0x000000f01d800000) (1024K)]
  0x000002ede7d42d40 WorkerThread "GC Thread#5"                     [id=19012, stack(0x000000f01d800000,0x000000f01d900000) (1024K)]
  0x000002ede7d430f0 WorkerThread "GC Thread#6"                     [id=21320, stack(0x000000f01d900000,0x000000f01da00000) (1024K)]
  0x000002edec0172f0 WorkerThread "GC Thread#7"                     [id=17860, stack(0x000000f01dd00000,0x000000f01de00000) (1024K)]
Total: 10

Threads with active compile tasks:
Total: 0

VM state: not at safepoint (normal execution)

VM Mutex/Monitor currently owned by a thread:  ([mutex/lock_event])
[0x00007ffa58e4c4e0] Metaspace_lock - owner thread: 0x000002edeca85950

Heap address: 0x0000000080000000, size: 2048 MB, Compressed Oops mode: 32-bit

CDS archive(s) mapped at: [0x000002eda5000000-0x000002eda5ba0000-0x000002eda5ba0000), size 12189696, SharedBaseAddress: 0x000002eda5000000, ArchiveRelocationMode: 1.
Compressed class space mapped at: 0x000002eda6000000-0x000002ede6000000, reserved size: 1073741824
Narrow klass base: 0x000002eda5000000, Narrow klass shift: 0, Narrow klass range: 0x100000000

GC Precious Log:
 CardTable entry size: 512
 CPUs: 8 total, 8 available
 Memory: 15610M
 Large Page Support: Disabled
 NUMA Support: Disabled
 Compressed Oops: Enabled (32-bit)
 Alignments: Space 512K, Generation 512K, Heap 2M
 Heap Min Capacity: 100M
 Heap Initial Capacity: 100M
 Heap Max Capacity: 2G
 Pre-touch: Disabled
 Parallel Workers: 8

Heap:
 PSYoungGen      total 27648K, used 5763K [0x00000000d5580000, 0x00000000d7580000, 0x0000000100000000)
  eden space 22528K, 4% used [0x00000000d5580000,0x00000000d566b218,0x00000000d6b80000)
  from space 5120K, 94% used [0x00000000d6c00000,0x00000000d70b5b70,0x00000000d7100000)
  to   space 4608K, 0% used [0x00000000d7100000,0x00000000d7100000,0x00000000d7580000)
 ParOldGen       total 68608K, used 9802K [0x0000000080000000, 0x0000000084300000, 0x00000000d5580000)
  object space 68608K, 14% used [0x0000000080000000,0x0000000080992898,0x0000000084300000)
 Metaspace       used 29779K, committed 30656K, reserved 1114112K
  class space    used 2995K, committed 3392K, reserved 1048576K

Card table byte_map: [0x000002ed8e060000,0x000002ed8e470000] _byte_map_base: 0x000002ed8dc60000

Marking Bits: (ParMarkBitMap*) 0x00007ffa58e53450
 Begin Bits: [0x000002eda0b70000, 0x000002eda2b70000)
 End Bits:   [0x000002eda2b70000, 0x000002eda4b70000)

Polling page: 0x000002ed8c540000

Metaspace:

Usage:
  Non-class:     26.16 MB used.
      Class:      2.93 MB used.
       Both:     29.08 MB used.

Virtual space:
  Non-class space:       64.00 MB reserved,      26.62 MB ( 42%) committed,  1 nodes.
      Class space:        1.00 GB reserved,       3.31 MB ( <1%) committed,  1 nodes.
             Both:        1.06 GB reserved,      29.94 MB (  3%) committed. 

Chunk freelists:
   Non-Class:  5.30 MB
       Class:  12.71 MB
        Both:  18.01 MB

MaxMetaspaceSize: unlimited
CompressedClassSpaceSize: 1.00 GB
Initial GC threshold: 21.00 MB
Current GC threshold: 35.00 MB
CDS: on
 - commit_granule_bytes: 65536.
 - commit_granule_words: 8192.
 - virtual_space_node_default_size: 8388608.
 - enlarge_chunks_in_place: 1.
 - use_allocation_guard: 0.


Internal statistics:

num_allocs_failed_limit: 3.
num_arena_births: 566.
num_arena_deaths: 14.
num_vsnodes_births: 2.
num_vsnodes_deaths: 0.
num_space_committed: 479.
num_space_uncommitted: 0.
num_chunks_returned_to_freelist: 17.
num_chunks_taken_from_freelist: 1727.
num_chunk_merges: 9.
num_chunk_splits: 1124.
num_chunks_enlarged: 731.
num_inconsistent_stats: 0.

CodeHeap 'non-profiled nmethods': size=120000Kb used=1672Kb max_used=1672Kb free=118327Kb
 bounds [0x000002ed99390000, 0x000002ed99600000, 0x000002eda08c0000]
CodeHeap 'profiled nmethods': size=120000Kb used=6983Kb max_used=6983Kb free=113016Kb
 bounds [0x000002ed918c0000, 0x000002ed91fa0000, 0x000002ed98df0000]
CodeHeap 'non-nmethods': size=5760Kb used=1342Kb max_used=1367Kb free=4418Kb
 bounds [0x000002ed98df0000, 0x000002ed99060000, 0x000002ed99390000]
CodeCache: size=245760Kb, used=9997Kb, max_used=10022Kb, free=235761Kb
 total_blobs=4198, nmethods=3564, adapters=540, full_count=0
Compilation: enabled, stopped_count=0, restarted_count=0

Compilation events (20 events):
Event: 20.877 Thread 0x000002ede79d8330 3555       3       com.google.gson.internal.bind.JsonTreeReader::hasNext (32 bytes)
Event: 20.877 Thread 0x000002ede79d8330 nmethod 3555 0x000002ed91f8c990 code [0x000002ed91f8cb40, 0x000002ed91f8cd48]
Event: 20.877 Thread 0x000002ede79d8330 3556       3       com.google.gson.internal.bind.ObjectTypeAdapter::tryBeginNesting (62 bytes)
Event: 20.877 Thread 0x000002ede79d8330 nmethod 3556 0x000002ed91f8ce10 code [0x000002ed91f8d040, 0x000002ed91f8d6f0]
Event: 20.881 Thread 0x000002ede79d8330 3557       3       java.net.URI$Parser::parseHierarchical (178 bytes)
Event: 20.884 Thread 0x000002ede79d8330 nmethod 3557 0x000002ed91f8d990 code [0x000002ed91f8dda0, 0x000002ed91f8f7f8]
Event: 20.892 Thread 0x000002ede79d8330 3558       3       java.util.HashSet::<init> (29 bytes)
Event: 20.893 Thread 0x000002ede79d8330 nmethod 3558 0x000002ed91f90310 code [0x000002ed91f90500, 0x000002ed91f909a8]
Event: 20.910 Thread 0x000002ed8e63e400 3559       4       jdk.internal.util.ArraysSupport::mismatch (73 bytes)
Event: 20.913 Thread 0x000002ed8e63e400 nmethod 3559 0x000002ed99531210 code [0x000002ed995313a0, 0x000002ed99531580]
Event: 20.923 Thread 0x000002ede79d8330 3560       3       java.lang.invoke.DelegatingMethodHandle$Holder::reinvoke_L (20 bytes)
Event: 20.924 Thread 0x000002ede79d8330 nmethod 3560 0x000002ed91f90b90 code [0x000002ed91f90d60, 0x000002ed91f91160]
Event: 20.931 Thread 0x000002ede79d8330 3561   !   3       com.google.gson.internal.LinkedTreeMap::findByObject (18 bytes)
Event: 20.931 Thread 0x000002ed8e63e400 3562       4       java.lang.String::compareTo (63 bytes)
Event: 20.931 Thread 0x000002ede79d8330 nmethod 3561 0x000002ed91f91290 code [0x000002ed91f91460, 0x000002ed91f91660]
Event: 20.931 Thread 0x000002ede79d8330 3563       3       com.google.gson.internal.LinkedTreeMap::get (19 bytes)
Event: 20.931 Thread 0x000002ede79d8330 nmethod 3563 0x000002ed91f91710 code [0x000002ed91f918e0, 0x000002ed91f91b78]
Event: 20.932 Thread 0x000002ed8e63e400 nmethod 3562 0x000002ed99531710 code [0x000002ed995318a0, 0x000002ed99531ad8]
Event: 20.947 Thread 0x000002ed8e63e400 3564       4       org.eclipse.osgi.storage.bundlefile.ZipBundleFile$1::next (5 bytes)
Event: 20.949 Thread 0x000002ed8e63e400 nmethod 3564 0x000002ed99531c10 code [0x000002ed99531dc0, 0x000002ed99531ef0]

GC Heap History (20 events):
Event: 4.115 GC heap before
{Heap before GC invocations=1 (full 0):
 PSYoungGen      total 29696K, used 25600K [0x00000000d5580000, 0x00000000d7680000, 0x0000000100000000)
  eden space 25600K, 100% used [0x00000000d5580000,0x00000000d6e80000,0x00000000d6e80000)
  from space 4096K, 0% used [0x00000000d7280000,0x00000000d7280000,0x00000000d7680000)
  to   space 4096K, 0% used [0x00000000d6e80000,0x00000000d6e80000,0x00000000d7280000)
 ParOldGen       total 68608K, used 0K [0x0000000080000000, 0x0000000084300000, 0x00000000d5580000)
  object space 68608K, 0% used [0x0000000080000000,0x0000000080000000,0x0000000084300000)
 Metaspace       used 4380K, committed 4608K, reserved 1114112K
  class space    used 474K, committed 576K, reserved 1048576K
}
Event: 4.130 GC heap after
{Heap after GC invocations=1 (full 0):
 PSYoungGen      total 29696K, used 3271K [0x00000000d5580000, 0x00000000d7680000, 0x0000000100000000)
  eden space 25600K, 0% used [0x00000000d5580000,0x00000000d5580000,0x00000000d6e80000)
  from space 4096K, 79% used [0x00000000d6e80000,0x00000000d71b1e98,0x00000000d7280000)
  to   space 4096K, 0% used [0x00000000d7280000,0x00000000d7280000,0x00000000d7680000)
 ParOldGen       total 68608K, used 16K [0x0000000080000000, 0x0000000084300000, 0x00000000d5580000)
  object space 68608K, 0% used [0x0000000080000000,0x0000000080004000,0x0000000084300000)
 Metaspace       used 4380K, committed 4608K, reserved 1114112K
  class space    used 474K, committed 576K, reserved 1048576K
}
Event: 7.324 GC heap before
{Heap before GC invocations=2 (full 0):
 PSYoungGen      total 29696K, used 28871K [0x00000000d5580000, 0x00000000d7680000, 0x0000000100000000)
  eden space 25600K, 100% used [0x00000000d5580000,0x00000000d6e80000,0x00000000d6e80000)
  from space 4096K, 79% used [0x00000000d6e80000,0x00000000d71b1e98,0x00000000d7280000)
  to   space 4096K, 0% used [0x00000000d7280000,0x00000000d7280000,0x00000000d7680000)
 ParOldGen       total 68608K, used 16K [0x0000000080000000, 0x0000000084300000, 0x00000000d5580000)
  object space 68608K, 0% used [0x0000000080000000,0x0000000080004000,0x0000000084300000)
 Metaspace       used 8189K, committed 8512K, reserved 1114112K
  class space    used 869K, committed 1024K, reserved 1048576K
}
Event: 7.332 GC heap after
{Heap after GC invocations=2 (full 0):
 PSYoungGen      total 29696K, used 4075K [0x00000000d5580000, 0x00000000d7680000, 0x0000000100000000)
  eden space 25600K, 0% used [0x00000000d5580000,0x00000000d5580000,0x00000000d6e80000)
  from space 4096K, 99% used [0x00000000d7280000,0x00000000d767aff8,0x00000000d7680000)
  to   space 4096K, 0% used [0x00000000d6e80000,0x00000000d6e80000,0x00000000d7280000)
 ParOldGen       total 68608K, used 1179K [0x0000000080000000, 0x0000000084300000, 0x00000000d5580000)
  object space 68608K, 1% used [0x0000000080000000,0x0000000080126ec8,0x0000000084300000)
 Metaspace       used 8189K, committed 8512K, reserved 1114112K
  class space    used 869K, committed 1024K, reserved 1048576K
}
Event: 10.283 GC heap before
{Heap before GC invocations=3 (full 0):
 PSYoungGen      total 29696K, used 29675K [0x00000000d5580000, 0x00000000d7680000, 0x0000000100000000)
  eden space 25600K, 100% used [0x00000000d5580000,0x00000000d6e80000,0x00000000d6e80000)
  from space 4096K, 99% used [0x00000000d7280000,0x00000000d767aff8,0x00000000d7680000)
  to   space 4096K, 0% used [0x00000000d6e80000,0x00000000d6e80000,0x00000000d7280000)
 ParOldGen       total 68608K, used 1179K [0x0000000080000000, 0x0000000084300000, 0x00000000d5580000)
  object space 68608K, 1% used [0x0000000080000000,0x0000000080126ec8,0x0000000084300000)
 Metaspace       used 13109K, committed 13632K, reserved 1114112K
  class space    used 1380K, committed 1600K, reserved 1048576K
}
Event: 10.291 GC heap after
{Heap after GC invocations=3 (full 0):
 PSYoungGen      total 29696K, used 4066K [0x00000000d5580000, 0x00000000d7680000, 0x0000000100000000)
  eden space 25600K, 0% used [0x00000000d5580000,0x00000000d5580000,0x00000000d6e80000)
  from space 4096K, 99% used [0x00000000d6e80000,0x00000000d7278870,0x00000000d7280000)
  to   space 4096K, 0% used [0x00000000d7280000,0x00000000d7280000,0x00000000d7680000)
 ParOldGen       total 68608K, used 2882K [0x0000000080000000, 0x0000000084300000, 0x00000000d5580000)
  object space 68608K, 4% used [0x0000000080000000,0x00000000802d0a08,0x0000000084300000)
 Metaspace       used 13109K, committed 13632K, reserved 1114112K
  class space    used 1380K, committed 1600K, reserved 1048576K
}
Event: 13.668 GC heap before
{Heap before GC invocations=4 (full 0):
 PSYoungGen      total 29696K, used 29666K [0x00000000d5580000, 0x00000000d7680000, 0x0000000100000000)
  eden space 25600K, 100% used [0x00000000d5580000,0x00000000d6e80000,0x00000000d6e80000)
  from space 4096K, 99% used [0x00000000d6e80000,0x00000000d7278870,0x00000000d7280000)
  to   space 4096K, 0% used [0x00000000d7280000,0x00000000d7280000,0x00000000d7680000)
 ParOldGen       total 68608K, used 2882K [0x0000000080000000, 0x0000000084300000, 0x00000000d5580000)
  object space 68608K, 4% used [0x0000000080000000,0x00000000802d0a08,0x0000000084300000)
 Metaspace       used 17310K, committed 18048K, reserved 1114112K
  class space    used 1811K, committed 2112K, reserved 1048576K
}
Event: 13.675 GC heap after
{Heap after GC invocations=4 (full 0):
 PSYoungGen      total 29696K, used 4092K [0x00000000d5580000, 0x00000000d7680000, 0x0000000100000000)
  eden space 25600K, 0% used [0x00000000d5580000,0x00000000d5580000,0x00000000d6e80000)
  from space 4096K, 99% used [0x00000000d7280000,0x00000000d767f370,0x00000000d7680000)
  to   space 4096K, 0% used [0x00000000d6e80000,0x00000000d6e80000,0x00000000d7280000)
 ParOldGen       total 68608K, used 4574K [0x0000000080000000, 0x0000000084300000, 0x00000000d5580000)
  object space 68608K, 6% used [0x0000000080000000,0x0000000080477948,0x0000000084300000)
 Metaspace       used 17310K, committed 18048K, reserved 1114112K
  class space    used 1811K, committed 2112K, reserved 1048576K
}
Event: 15.123 GC heap before
{Heap before GC invocations=5 (full 0):
 PSYoungGen      total 29696K, used 29692K [0x00000000d5580000, 0x00000000d7680000, 0x0000000100000000)
  eden space 25600K, 100% used [0x00000000d5580000,0x00000000d6e80000,0x00000000d6e80000)
  from space 4096K, 99% used [0x00000000d7280000,0x00000000d767f370,0x00000000d7680000)
  to   space 4096K, 0% used [0x00000000d6e80000,0x00000000d6e80000,0x00000000d7280000)
 ParOldGen       total 68608K, used 4574K [0x0000000080000000, 0x0000000084300000, 0x00000000d5580000)
  object space 68608K, 6% used [0x0000000080000000,0x0000000080477948,0x0000000084300000)
 Metaspace       used 20520K, committed 21184K, reserved 1114112K
  class space    used 2035K, committed 2304K, reserved 1048576K
}
Event: 15.130 GC heap after
{Heap after GC invocations=5 (full 0):
 PSYoungGen      total 29184K, used 4078K [0x00000000d5580000, 0x00000000d7800000, 0x0000000100000000)
  eden space 25088K, 0% used [0x00000000d5580000,0x00000000d5580000,0x00000000d6e00000)
  from space 4096K, 99% used [0x00000000d6e80000,0x00000000d727ba18,0x00000000d7280000)
  to   space 5120K, 0% used [0x00000000d7300000,0x00000000d7300000,0x00000000d7800000)
 ParOldGen       total 68608K, used 4773K [0x0000000080000000, 0x0000000084300000, 0x00000000d5580000)
  object space 68608K, 6% used [0x0000000080000000,0x00000000804a9528,0x0000000084300000)
 Metaspace       used 20520K, committed 21184K, reserved 1114112K
  class space    used 2035K, committed 2304K, reserved 1048576K
}
Event: 15.202 GC heap before
{Heap before GC invocations=6 (full 0):
 PSYoungGen      total 29184K, used 9023K [0x00000000d5580000, 0x00000000d7800000, 0x0000000100000000)
  eden space 25088K, 19% used [0x00000000d5580000,0x00000000d5a541f0,0x00000000d6e00000)
  from space 4096K, 99% used [0x00000000d6e80000,0x00000000d727ba18,0x00000000d7280000)
  to   space 5120K, 0% used [0x00000000d7300000,0x00000000d7300000,0x00000000d7800000)
 ParOldGen       total 68608K, used 4773K [0x0000000080000000, 0x0000000084300000, 0x00000000d5580000)
  object space 68608K, 6% used [0x0000000080000000,0x00000000804a9528,0x0000000084300000)
 Metaspace       used 20821K, committed 21504K, reserved 1114112K
  class space    used 2054K, committed 2368K, reserved 1048576K
}
Event: 15.209 GC heap after
{Heap after GC invocations=6 (full 0):
 PSYoungGen      total 30208K, used 4780K [0x00000000d5580000, 0x00000000d7800000, 0x0000000100000000)
  eden space 25088K, 0% used [0x00000000d5580000,0x00000000d5580000,0x00000000d6e00000)
  from space 5120K, 93% used [0x00000000d7300000,0x00000000d77ab2d8,0x00000000d7800000)
  to   space 5120K, 0% used [0x00000000d6e00000,0x00000000d6e00000,0x00000000d7300000)
 ParOldGen       total 68608K, used 4781K [0x0000000080000000, 0x0000000084300000, 0x00000000d5580000)
  object space 68608K, 6% used [0x0000000080000000,0x00000000804ab528,0x0000000084300000)
 Metaspace       used 20821K, committed 21504K, reserved 1114112K
  class space    used 2054K, committed 2368K, reserved 1048576K
}
Event: 15.209 GC heap before
{Heap before GC invocations=7 (full 1):
 PSYoungGen      total 30208K, used 4780K [0x00000000d5580000, 0x00000000d7800000, 0x0000000100000000)
  eden space 25088K, 0% used [0x00000000d5580000,0x00000000d5580000,0x00000000d6e00000)
  from space 5120K, 93% used [0x00000000d7300000,0x00000000d77ab2d8,0x00000000d7800000)
  to   space 5120K, 0% used [0x00000000d6e00000,0x00000000d6e00000,0x00000000d7300000)
 ParOldGen       total 68608K, used 4781K [0x0000000080000000, 0x0000000084300000, 0x00000000d5580000)
  object space 68608K, 6% used [0x0000000080000000,0x00000000804ab528,0x0000000084300000)
 Metaspace       used 20821K, committed 21504K, reserved 1114112K
  class space    used 2054K, committed 2368K, reserved 1048576K
}
Event: 15.265 GC heap after
{Heap after GC invocations=7 (full 1):
 PSYoungGen      total 30208K, used 0K [0x00000000d5580000, 0x00000000d7800000, 0x0000000100000000)
  eden space 25088K, 0% used [0x00000000d5580000,0x00000000d5580000,0x00000000d6e00000)
  from space 5120K, 0% used [0x00000000d7300000,0x00000000d7300000,0x00000000d7800000)
  to   space 5120K, 0% used [0x00000000d6e00000,0x00000000d6e00000,0x00000000d7300000)
 ParOldGen       total 68608K, used 8863K [0x0000000080000000, 0x0000000084300000, 0x00000000d5580000)
  object space 68608K, 12% used [0x0000000080000000,0x00000000808a7fa8,0x0000000084300000)
 Metaspace       used 20809K, committed 21504K, reserved 1114112K
  class space    used 2051K, committed 2368K, reserved 1048576K
}
Event: 17.287 GC heap before
{Heap before GC invocations=8 (full 1):
 PSYoungGen      total 30208K, used 25088K [0x00000000d5580000, 0x00000000d7800000, 0x0000000100000000)
  eden space 25088K, 100% used [0x00000000d5580000,0x00000000d6e00000,0x00000000d6e00000)
  from space 5120K, 0% used [0x00000000d7300000,0x00000000d7300000,0x00000000d7800000)
  to   space 5120K, 0% used [0x00000000d6e00000,0x00000000d6e00000,0x00000000d7300000)
 ParOldGen       total 68608K, used 8863K [0x0000000080000000, 0x0000000084300000, 0x00000000d5580000)
  object space 68608K, 12% used [0x0000000080000000,0x00000000808a7fa8,0x0000000084300000)
 Metaspace       used 23097K, committed 23808K, reserved 1114112K
  class space    used 2237K, committed 2560K, reserved 1048576K
}
Event: 17.290 GC heap after
{Heap after GC invocations=8 (full 1):
 PSYoungGen      total 27136K, used 2355K [0x00000000d5580000, 0x00000000d7480000, 0x0000000100000000)
  eden space 24576K, 0% used [0x00000000d5580000,0x00000000d5580000,0x00000000d6d80000)
  from space 2560K, 92% used [0x00000000d6e00000,0x00000000d704ccf0,0x00000000d7080000)
  to   space 3584K, 0% used [0x00000000d7100000,0x00000000d7100000,0x00000000d7480000)
 ParOldGen       total 68608K, used 8871K [0x0000000080000000, 0x0000000084300000, 0x00000000d5580000)
  object space 68608K, 12% used [0x0000000080000000,0x00000000808a9fa8,0x0000000084300000)
 Metaspace       used 23097K, committed 23808K, reserved 1114112K
  class space    used 2237K, committed 2560K, reserved 1048576K
}
Event: 18.875 GC heap before
{Heap before GC invocations=9 (full 1):
 PSYoungGen      total 27136K, used 26931K [0x00000000d5580000, 0x00000000d7480000, 0x0000000100000000)
  eden space 24576K, 100% used [0x00000000d5580000,0x00000000d6d80000,0x00000000d6d80000)
  from space 2560K, 92% used [0x00000000d6e00000,0x00000000d704ccf0,0x00000000d7080000)
  to   space 3584K, 0% used [0x00000000d7100000,0x00000000d7100000,0x00000000d7480000)
 ParOldGen       total 68608K, used 8871K [0x0000000080000000, 0x0000000084300000, 0x00000000d5580000)
  object space 68608K, 12% used [0x0000000080000000,0x00000000808a9fa8,0x0000000084300000)
 Metaspace       used 26722K, committed 27520K, reserved 1114112K
  class space    used 2633K, committed 3008K, reserved 1048576K
}
Event: 18.879 GC heap after
{Heap after GC invocations=9 (full 1):
 PSYoungGen      total 26624K, used 3582K [0x00000000d5580000, 0x00000000d7700000, 0x0000000100000000)
  eden space 23040K, 0% used [0x00000000d5580000,0x00000000d5580000,0x00000000d6c00000)
  from space 3584K, 99% used [0x00000000d7100000,0x00000000d747f900,0x00000000d7480000)
  to   space 5120K, 0% used [0x00000000d6c00000,0x00000000d6c00000,0x00000000d7100000)
 ParOldGen       total 68608K, used 9794K [0x0000000080000000, 0x0000000084300000, 0x00000000d5580000)
  object space 68608K, 14% used [0x0000000080000000,0x0000000080990898,0x0000000084300000)
 Metaspace       used 26722K, committed 27520K, reserved 1114112K
  class space    used 2633K, committed 3008K, reserved 1048576K
}
Event: 20.961 GC heap before
{Heap before GC invocations=10 (full 1):
 PSYoungGen      total 26624K, used 26622K [0x00000000d5580000, 0x00000000d7700000, 0x0000000100000000)
  eden space 23040K, 100% used [0x00000000d5580000,0x00000000d6c00000,0x00000000d6c00000)
  from space 3584K, 99% used [0x00000000d7100000,0x00000000d747f900,0x00000000d7480000)
  to   space 5120K, 0% used [0x00000000d6c00000,0x00000000d6c00000,0x00000000d7100000)
 ParOldGen       total 68608K, used 9794K [0x0000000080000000, 0x0000000084300000, 0x00000000d5580000)
  object space 68608K, 14% used [0x0000000080000000,0x0000000080990898,0x0000000084300000)
 Metaspace       used 29664K, committed 30592K, reserved 1114112K
  class space    used 2976K, committed 3392K, reserved 1048576K
}
Event: 20.967 GC heap after
{Heap after GC invocations=10 (full 1):
 PSYoungGen      total 27648K, used 4822K [0x00000000d5580000, 0x00000000d7580000, 0x0000000100000000)
  eden space 22528K, 0% used [0x00000000d5580000,0x00000000d5580000,0x00000000d6b80000)
  from space 5120K, 94% used [0x00000000d6c00000,0x00000000d70b5b70,0x00000000d7100000)
  to   space 4608K, 0% used [0x00000000d7100000,0x00000000d7100000,0x00000000d7580000)
 ParOldGen       total 68608K, used 9802K [0x0000000080000000, 0x0000000084300000, 0x00000000d5580000)
  object space 68608K, 14% used [0x0000000080000000,0x0000000080992898,0x0000000084300000)
 Metaspace       used 29664K, committed 30592K, reserved 1114112K
  class space    used 2976K, committed 3392K, reserved 1048576K
}

Dll operation events (10 events):
Event: 0.058 Loaded shared library c:\Users\devip\.antigravity-ide\extensions\redhat.java-1.54.0-win32-x64\jre\21.0.10-win32-x86_64\bin\java.dll
Event: 0.571 Loaded shared library c:\Users\devip\.antigravity-ide\extensions\redhat.java-1.54.0-win32-x64\jre\21.0.10-win32-x86_64\bin\zip.dll
Event: 0.709 Loaded shared library C:\Users\devip\.antigravity-ide\extensions\redhat.java-1.54.0-win32-x64\jre\21.0.10-win32-x86_64\bin\instrument.dll
Event: 0.728 Loaded shared library C:\Users\devip\.antigravity-ide\extensions\redhat.java-1.54.0-win32-x64\jre\21.0.10-win32-x86_64\bin\net.dll
Event: 0.793 Loaded shared library C:\Users\devip\.antigravity-ide\extensions\redhat.java-1.54.0-win32-x64\jre\21.0.10-win32-x86_64\bin\nio.dll
Event: 0.812 Loaded shared library C:\Users\devip\.antigravity-ide\extensions\redhat.java-1.54.0-win32-x64\jre\21.0.10-win32-x86_64\bin\zip.dll
Event: 0.927 Loaded shared library C:\Users\devip\.antigravity-ide\extensions\redhat.java-1.54.0-win32-x64\jre\21.0.10-win32-x86_64\bin\jimage.dll
Event: 1.454 Loaded shared library c:\Users\devip\.antigravity-ide\extensions\redhat.java-1.54.0-win32-x64\jre\21.0.10-win32-x86_64\bin\verify.dll
Event: 7.228 Loaded shared library C:\Users\devip\AppData\Roaming\Antigravity IDE\User\globalStorage\redhat.java\1.54.0\config_ss_win\org.eclipse.equinox.launcher\org.eclipse.equinox.launcher.win32.win32.x86_64_1.3.0.v20260203-2149\eclipse_11919.dll
Event: 12.631 Loaded shared library C:\Users\devip\AppData\Local\Temp\jna-95477756\jna1224529582616444229.dll

Deoptimization events (20 events):
Event: 19.907 Thread 0x000002ed8e6bbd10 Uncommon trap: trap_request=0xffffff45 fr.pc=0x000002ed99515628 relative=0x00000000000000e8
Event: 19.907 Thread 0x000002ed8e6bbd10 Uncommon trap: reason=unstable_if action=reinterpret pc=0x000002ed99515628 method=java.lang.CharacterDataLatin1.digit(II)I @ 7 c2
Event: 19.907 Thread 0x000002ed8e6bbd10 DEOPT PACKING pc=0x000002ed99515628 sp=0x000000f01c6fe430
Event: 19.907 Thread 0x000002ed8e6bbd10 DEOPT UNPACKING pc=0x000002ed98e43aa2 sp=0x000000f01c6fe2f0 mode 2
Event: 19.907 Thread 0x000002ed8e6bbd10 Uncommon trap: trap_request=0xffffff45 fr.pc=0x000002ed993d11c8 relative=0x00000000000000a8
Event: 19.907 Thread 0x000002ed8e6bbd10 Uncommon trap: reason=unstable_if action=reinterpret pc=0x000002ed993d11c8 method=java.lang.CharacterDataLatin1.digit(II)I @ 7 c2
Event: 19.907 Thread 0x000002ed8e6bbd10 DEOPT PACKING pc=0x000002ed993d11c8 sp=0x000000f01c6fe390
Event: 19.908 Thread 0x000002ed8e6bbd10 DEOPT UNPACKING pc=0x000002ed98e43aa2 sp=0x000000f01c6fe310 mode 2
Event: 19.914 Thread 0x000002ed8e6bbd10 Uncommon trap: trap_request=0xffffff76 fr.pc=0x000002ed994fdf00 relative=0x0000000000000940
Event: 19.914 Thread 0x000002ed8e6bbd10 Uncommon trap: reason=predicate action=maybe_recompile pc=0x000002ed994fdf00 method=java.util.TreeMap.put(Ljava/lang/Object;Ljava/lang/Object;Z)Ljava/lang/Object; @ 27 c2
Event: 19.914 Thread 0x000002ed8e6bbd10 DEOPT PACKING pc=0x000002ed994fdf00 sp=0x000000f01c6fe060
Event: 19.914 Thread 0x000002ed8e6bbd10 DEOPT UNPACKING pc=0x000002ed98e43aa2 sp=0x000000f01c6fe020 mode 2
Event: 19.955 Thread 0x000002ed8e6bbd10 Uncommon trap: trap_request=0xffffff45 fr.pc=0x000002ed993c7ec4 relative=0x00000000000002a4
Event: 19.955 Thread 0x000002ed8e6bbd10 Uncommon trap: reason=unstable_if action=reinterpret pc=0x000002ed993c7ec4 method=java.util.HashMap$HashIterator.<init>(Ljava/util/HashMap;)V @ 45 c2
Event: 19.955 Thread 0x000002ed8e6bbd10 DEOPT PACKING pc=0x000002ed993c7ec4 sp=0x000000f01c6fe520
Event: 19.955 Thread 0x000002ed8e6bbd10 DEOPT UNPACKING pc=0x000002ed98e43aa2 sp=0x000000f01c6fe4b8 mode 2
Event: 20.837 Thread 0x000002edeca85950 Uncommon trap: trap_request=0xffffffde fr.pc=0x000002ed994958f0 relative=0x0000000000000050
Event: 20.837 Thread 0x000002edeca85950 Uncommon trap: reason=class_check action=maybe_recompile pc=0x000002ed994958f0 method=java.lang.invoke.DirectMethodHandle.internalMemberName(Ljava/lang/Object;)Ljava/lang/Object; @ 1 c2
Event: 20.837 Thread 0x000002edeca85950 DEOPT PACKING pc=0x000002ed994958f0 sp=0x000000f01f1fea70
Event: 20.837 Thread 0x000002edeca85950 DEOPT UNPACKING pc=0x000002ed98e43aa2 sp=0x000000f01f1fea00 mode 2

Classes loaded (20 events):
Event: 19.910 Loading class sun/util/cldr/CLDRCalendarNameProviderImpl done
Event: 19.912 Loading class sun/util/locale/provider/CalendarNameProviderImpl$LengthBasedComparator
Event: 19.912 Loading class sun/util/locale/provider/CalendarNameProviderImpl$LengthBasedComparator done
Event: 19.921 Loading class java/io/PrintWriter$1
Event: 19.922 Loading class jdk/internal/access/JavaIOPrintWriterAccess
Event: 19.922 Loading class jdk/internal/access/JavaIOPrintWriterAccess done
Event: 19.922 Loading class java/io/PrintWriter$1 done
Event: 19.923 Loading class sun/nio/ch/Iocp$ResultHandler
Event: 19.925 Loading class sun/nio/ch/Iocp$ResultHandler done
Event: 19.925 Loading class sun/nio/ch/WindowsAsynchronousFileChannelImpl$ReadTask done
Event: 19.929 Loading class java/time/format/DateTimeParseContext
Event: 19.949 Loading class java/time/format/DateTimeParseContext done
Event: 19.949 Loading class java/time/format/Parsed
Event: 19.949 Loading class java/time/format/Parsed done
Event: 20.097 Loading class sun/reflect/generics/repository/FieldRepository
Event: 20.097 Loading class sun/reflect/generics/repository/FieldRepository done
Event: 20.753 Loading class java/io/InvalidObjectException
Event: 20.753 Loading class java/io/ObjectStreamException
Event: 20.753 Loading class java/io/ObjectStreamException done
Event: 20.753 Loading class java/io/InvalidObjectException done

Classes unloaded (7 events):
Event: 15.215 Thread 0x000002ed8e612530 Unloading class 0x000002eda618cc00 'java/lang/invoke/LambdaForm$MH+0x000002eda618cc00'
Event: 15.215 Thread 0x000002ed8e612530 Unloading class 0x000002eda618c800 'java/lang/invoke/LambdaForm$MH+0x000002eda618c800'
Event: 15.215 Thread 0x000002ed8e612530 Unloading class 0x000002eda618c400 'java/lang/invoke/LambdaForm$MH+0x000002eda618c400'
Event: 15.215 Thread 0x000002ed8e612530 Unloading class 0x000002eda618c000 'java/lang/invoke/LambdaForm$MH+0x000002eda618c000'
Event: 15.215 Thread 0x000002ed8e612530 Unloading class 0x000002eda618bc00 'java/lang/invoke/LambdaForm$BMH+0x000002eda618bc00'
Event: 15.215 Thread 0x000002ed8e612530 Unloading class 0x000002eda618b800 'java/lang/invoke/LambdaForm$DMH+0x000002eda618b800'
Event: 15.215 Thread 0x000002ed8e612530 Unloading class 0x000002eda618a400 'java/lang/invoke/LambdaForm$DMH+0x000002eda618a400'

Classes redefined (0 events):
No events

Internal exceptions (20 events):
Event: 18.813 Thread 0x000002edec2c12d0 Exception <a 'sun/nio/fs/WindowsException'{0x00000000d6c3e158}> (0x00000000d6c3e158) 
thrown [s\src\hotspot\share\prims\jni.cpp, line 520]
Event: 18.813 Thread 0x000002edec2c12d0 Exception <a 'sun/nio/fs/WindowsException'{0x00000000d6c3e798}> (0x00000000d6c3e798) 
thrown [s\src\hotspot\share\prims\jni.cpp, line 520]
Event: 18.813 Thread 0x000002edec2c12d0 Exception <a 'sun/nio/fs/WindowsException'{0x00000000d6c3f1a8}> (0x00000000d6c3f1a8) 
thrown [s\src\hotspot\share\prims\jni.cpp, line 520]
Event: 18.813 Thread 0x000002edec2c12d0 Exception <a 'sun/nio/fs/WindowsException'{0x00000000d6c3f7e8}> (0x00000000d6c3f7e8) 
thrown [s\src\hotspot\share\prims\jni.cpp, line 520]
Event: 18.814 Thread 0x000002edec2c12d0 Exception <a 'sun/nio/fs/WindowsException'{0x00000000d6c40258}> (0x00000000d6c40258) 
thrown [s\src\hotspot\share\prims\jni.cpp, line 520]
Event: 18.815 Thread 0x000002edec2c12d0 Exception <a 'sun/nio/fs/WindowsException'{0x00000000d6c40898}> (0x00000000d6c40898) 
thrown [s\src\hotspot\share\prims\jni.cpp, line 520]
Event: 18.816 Thread 0x000002edec2c12d0 Exception <a 'sun/nio/fs/WindowsException'{0x00000000d6c42068}> (0x00000000d6c42068) 
thrown [s\src\hotspot\share\prims\jni.cpp, line 520]
Event: 18.817 Thread 0x000002edec2c12d0 Exception <a 'sun/nio/fs/WindowsException'{0x00000000d6c426a8}> (0x00000000d6c426a8) 
thrown [s\src\hotspot\share\prims\jni.cpp, line 520]
Event: 18.822 Thread 0x000002edec2c12d0 Exception <a 'java/lang/NoSuchMethodError'{0x00000000d6c6b518}: 'void java.lang.invoke.DirectMethodHandle$Holder.invokeVirtual(java.lang.Object, java.lang.Object, java.lang.Object, java.lang.Object)'> (0x00000000d6c6b518) 
thrown [s\src\hotspot\share\interpreter\linkResolver.cpp, line 773]
Event: 19.032 Thread 0x000002edec2c12d0 Exception <a 'java/io/FileNotFoundException'{0x00000000d59b1728}> (0x00000000d59b1728) 
thrown [s\src\hotspot\share\prims\jni.cpp, line 520]
Event: 19.034 Thread 0x000002edec2c12d0 Exception <a 'java/io/FileNotFoundException'{0x00000000d59c6c48}> (0x00000000d59c6c48) 
thrown [s\src\hotspot\share\prims\jni.cpp, line 520]
Event: 19.038 Thread 0x000002edec2c12d0 Exception <a 'java/lang/NoSuchMethodError'{0x00000000d59d4988}: 'java.lang.Object java.lang.invoke.DirectMethodHandle$Holder.newInvokeSpecial(java.lang.Object, java.lang.Object, java.lang.Object, int)'> (0x00000000d59d4988) 
thrown [s\src\hotspot\share\interpreter\linkResolver.cpp, line 773]
Event: 19.039 Thread 0x000002edec2c12d0 Exception <a 'java/lang/NoSuchMethodError'{0x00000000d59d8560}: 'java.lang.Object java.lang.invoke.DirectMethodHandle$Holder.invokeSpecial(java.lang.Object, java.lang.Object, java.lang.Object, java.lang.Object, int)'> (0x00000000d59d8560) 
thrown [s\src\hotspot\share\interpreter\linkResolver.cpp, line 773]
Event: 19.040 Thread 0x000002edec2c12d0 Exception <a 'java/lang/NoSuchMethodError'{0x00000000d59db9f8}: 'java.lang.Object java.lang.invoke.Invokers$Holder.linkToTargetMethod(java.lang.Object, java.lang.Object, int, java.lang.Object)'> (0x00000000d59db9f8) 
thrown [s\src\hotspot\share\interpreter\linkResolver.cpp, line 773]
Event: 19.043 Thread 0x000002edec2c12d0 Exception <a 'java/lang/NoSuchMethodError'{0x00000000d59e7270}: 'void java.lang.invoke.DirectMethodHandle$Holder.invokeStaticInit(java.lang.Object, java.lang.Object, java.lang.Object)'> (0x00000000d59e7270) 
thrown [s\src\hotspot\share\interpreter\linkResolver.cpp, line 773]
Event: 19.850 Thread 0x000002ed8e6bbd10 Exception <a 'java/lang/NoSuchMethodError'{0x00000000d6135f90}: 'void java.lang.invoke.DirectMethodHandle$Holder.invokeSpecial(java.lang.Object, java.lang.Object, java.lang.Object, java.lang.Object, java.lang.Object, java.lang.Object)'> (0x00000000d6135f90) 
thrown [s\src\hotspot\share\interpreter\linkResolver.cpp, line 773]
Event: 19.853 Thread 0x000002ed8e6bbd10 Exception <a 'java/lang/IncompatibleClassChangeError'{0x00000000d613e330}: Found class java.lang.Object, but interface was expected> (0x00000000d613e330) 
thrown [s\src\hotspot\share\interpreter\linkResolver.cpp, line 840]
Event: 19.854 Thread 0x000002ed8e6bbd10 Exception <a 'java/lang/IncompatibleClassChangeError'{0x00000000d61400e0}: Found class java.lang.Object, but interface was expected> (0x00000000d61400e0) 
thrown [s\src\hotspot\share\interpreter\linkResolver.cpp, line 840]
Event: 20.832 Thread 0x000002edeca85950 Exception <a 'java/lang/NoSuchMethodError'{0x00000000d66f5218}: 'java.lang.Object java.lang.invoke.DirectMethodHandle$Holder.invokeInterface(java.lang.Object, java.lang.Object, java.lang.Object)'> (0x00000000d66f5218) 
thrown [s\src\hotspot\share\interpreter\linkResolver.cpp, line 773]
Event: 20.929 Thread 0x000002edeca85950 Exception <a 'java/io/FileNotFoundException'{0x00000000d67993e8}> (0x00000000d67993e8) 
thrown [s\src\hotspot\share\prims\jni.cpp, line 520]

ZGC Phase Switch (0 events):
No events

VM Operations (20 events):
Event: 15.202 Executing safepoint VM operation: CollectForMetadataAllocation (Metadata GC Threshold)
Event: 15.265 Executing safepoint VM operation: CollectForMetadataAllocation (Metadata GC Threshold) done
Event: 16.268 Executing safepoint VM operation: Cleanup
Event: 16.278 Executing safepoint VM operation: Cleanup done
Event: 16.515 Executing safepoint VM operation: ParallelGCFailedAllocation (Allocation Failure)
Event: 17.290 Executing safepoint VM operation: ParallelGCFailedAllocation (Allocation Failure) done
Event: 17.476 Executing non-safepoint VM operation: HandshakeAllThreads (Deoptimize)
Event: 17.476 Executing non-safepoint VM operation: HandshakeAllThreads (Deoptimize) done
Event: 17.629 Executing non-safepoint VM operation: HandshakeAllThreads (Deoptimize)
Event: 17.630 Executing non-safepoint VM operation: HandshakeAllThreads (Deoptimize) done
Event: 17.997 Executing non-safepoint VM operation: HandshakeAllThreads (Deoptimize)
Event: 17.997 Executing non-safepoint VM operation: HandshakeAllThreads (Deoptimize) done
Event: 18.858 Executing safepoint VM operation: ParallelGCFailedAllocation (Allocation Failure)
Event: 18.879 Executing safepoint VM operation: ParallelGCFailedAllocation (Allocation Failure) done
Event: 19.886 Executing safepoint VM operation: Cleanup
Event: 19.886 Executing safepoint VM operation: Cleanup done
Event: 20.861 Executing non-safepoint VM operation: HandshakeAllThreads (Deoptimize)
Event: 20.862 Executing non-safepoint VM operation: HandshakeAllThreads (Deoptimize) done
Event: 20.961 Executing safepoint VM operation: ParallelGCFailedAllocation (Allocation Failure)
Event: 20.967 Executing safepoint VM operation: ParallelGCFailedAllocation (Allocation Failure) done

Memory protections (0 events):
No events

Nmethod flushes (0 events):
No events

Events (20 events):
Event: 15.749 Thread 0x000002ede79d8330 Thread added: 0x000002eded4484d0
Event: 16.368 Thread 0x000002eded4484d0 Thread exited: 0x000002eded4484d0
Event: 16.370 Thread 0x000002eded51f660 Thread exited: 0x000002eded51f660
Event: 16.445 Thread 0x000002edec7d7f20 Thread added: 0x000002edec0c4a50
Event: 17.575 Thread 0x000002edec0c4a50 Thread exited: 0x000002edec0c4a50
Event: 18.420 Thread 0x000002ed8e63e400 Thread added: 0x000002edecd88010
Event: 18.664 Thread 0x000002ed8e6bbd10 Thread added: 0x000002edec0c4a50
Event: 18.664 Thread 0x000002ed8e6bbd10 Thread added: 0x000002edec0c5770
Event: 18.665 Thread 0x000002ed8e6bbd10 Thread added: 0x000002edec0c5e00
Event: 18.666 Thread 0x000002ed8e6bbd10 Thread added: 0x000002edec0c50e0
Event: 18.666 Thread 0x000002ed8e6bbd10 Thread added: 0x000002edec0c36a0
Event: 18.666 Thread 0x000002ed8e6bbd10 Thread added: 0x000002edec0c6b20
Event: 18.666 Thread 0x000002ed8e6bbd10 Thread added: 0x000002edec0c43c0
Event: 18.667 Thread 0x000002ed8e6bbd10 Thread added: 0x000002edec0c6490
Event: 18.668 Thread 0x000002ed8e6bbd10 Thread added: 0x000002edeca83f10
Event: 18.746 Thread 0x000002ed8e6bbd10 Thread added: 0x000002edeca852c0
Event: 18.961 Thread 0x000002edec0c3d30 Thread added: 0x000002edeca845a0
Event: 19.041 Thread 0x000002edecd88010 Thread exited: 0x000002edecd88010
Event: 19.899 Thread 0x000002ed8e6bbd10 Thread added: 0x000002edeca84c30
Event: 19.899 Thread 0x000002ed8e6bbd10 Thread added: 0x000002edeca85950


Dynamic libraries:
0x00007ff6a93b0000 - 0x00007ff6a93be000 	c:\Users\devip\.antigravity-ide\extensions\redhat.java-1.54.0-win32-x64\jre\21.0.10-win32-x86_64\bin\java.exe
0x00007ffb2e240000 - 0x00007ffb2e4a7000 	C:\windows\SYSTEM32\ntdll.dll
0x00007ffb2c850000 - 0x00007ffb2c919000 	C:\windows\System32\KERNEL32.DLL
0x00007ffb2b290000 - 0x00007ffb2b687000 	C:\windows\System32\KERNELBASE.dll
0x00007ffb2af10000 - 0x00007ffb2b05b000 	C:\windows\System32\ucrtbase.dll
0x00007ffafc3a0000 - 0x00007ffafc3be000 	c:\Users\devip\.antigravity-ide\extensions\redhat.java-1.54.0-win32-x64\jre\21.0.10-win32-x86_64\bin\VCRUNTIME140.dll
0x00007ffaf8010000 - 0x00007ffaf8028000 	c:\Users\devip\.antigravity-ide\extensions\redhat.java-1.54.0-win32-x64\jre\21.0.10-win32-x86_64\bin\jli.dll
0x00007ffb2d790000 - 0x00007ffb2d956000 	C:\windows\System32\USER32.dll
0x00007ffb2ac70000 - 0x00007ffb2ac97000 	C:\windows\System32\win32u.dll
0x00007ffb1b2b0000 - 0x00007ffb1b542000 	C:\windows\WinSxS\amd64_microsoft.windows.common-controls_6595b64144ccf1df_6.0.26100.8457_none_3e0b2faee331e92d\COMCTL32.dll
0x00007ffb2c040000 - 0x00007ffb2c06b000 	C:\windows\System32\GDI32.dll
0x00007ffb2c580000 - 0x00007ffb2c629000 	C:\windows\System32\msvcrt.dll
0x00007ffb2ade0000 - 0x00007ffb2af0c000 	C:\windows\System32\gdi32full.dll
0x00007ffb2aca0000 - 0x00007ffb2ad43000 	C:\windows\System32\msvcp_win.dll
0x00007ffb2c2e0000 - 0x00007ffb2c312000 	C:\windows\System32\IMM32.DLL
0x00007ffb07f80000 - 0x00007ffb07f8c000 	c:\Users\devip\.antigravity-ide\extensions\redhat.java-1.54.0-win32-x64\jre\21.0.10-win32-x86_64\bin\vcruntime140_1.dll
0x00007ffad3ce0000 - 0x00007ffad3d6d000 	c:\Users\devip\.antigravity-ide\extensions\redhat.java-1.54.0-win32-x64\jre\21.0.10-win32-x86_64\bin\msvcp140.dll
0x00007ffa58190000 - 0x00007ffa58f31000 	c:\Users\devip\.antigravity-ide\extensions\redhat.java-1.54.0-win32-x64\jre\21.0.10-win32-x86_64\bin\server\jvm.dll
0x00007ffb2c4c0000 - 0x00007ffb2c576000 	C:\windows\System32\ADVAPI32.dll
0x00007ffb2c210000 - 0x00007ffb2c2b7000 	C:\windows\System32\sechost.dll
0x00007ffb2d670000 - 0x00007ffb2d788000 	C:\windows\System32\RPCRT4.dll
0x00007ffb2d560000 - 0x00007ffb2d5e0000 	C:\windows\System32\WS2_32.dll
0x00007ffb2aad0000 - 0x00007ffb2ab2e000 	C:\windows\SYSTEM32\POWRPROF.dll
0x00007ffb234d0000 - 0x00007ffb234db000 	C:\windows\SYSTEM32\VERSION.dll
0x00007ffb1f7b0000 - 0x00007ffb1f7e6000 	C:\windows\SYSTEM32\WINMM.dll
0x00007ffb2aab0000 - 0x00007ffb2aac4000 	C:\windows\SYSTEM32\UMPDC.dll
0x00007ffb29a00000 - 0x00007ffb29a1b000 	C:\windows\SYSTEM32\kernel.appcore.dll
0x00007ffb05c10000 - 0x00007ffb05c1a000 	c:\Users\devip\.antigravity-ide\extensions\redhat.java-1.54.0-win32-x64\jre\21.0.10-win32-x86_64\bin\jimage.dll
0x00007ffb18a50000 - 0x00007ffb18c92000 	C:\windows\SYSTEM32\DBGHELP.DLL
0x00007ffb2c930000 - 0x00007ffb2ccb3000 	C:\windows\System32\combase.dll
0x00007ffb2c070000 - 0x00007ffb2c149000 	C:\windows\System32\OLEAUT32.dll
0x00007ffb06ff0000 - 0x00007ffb0702b000 	C:\windows\SYSTEM32\dbgcore.DLL
0x00007ffb2b1e0000 - 0x00007ffb2b288000 	C:\windows\System32\bcryptPrimitives.dll
0x00007ffb05c90000 - 0x00007ffb05c9f000 	c:\Users\devip\.antigravity-ide\extensions\redhat.java-1.54.0-win32-x64\jre\21.0.10-win32-x86_64\bin\instrument.dll
0x00007ffaf7f70000 - 0x00007ffaf7f90000 	c:\Users\devip\.antigravity-ide\extensions\redhat.java-1.54.0-win32-x64\jre\21.0.10-win32-x86_64\bin\java.dll
0x00007ffb2d980000 - 0x00007ffb2e0ee000 	C:\windows\System32\SHELL32.dll
0x00007ffb2b690000 - 0x00007ffb2befc000 	C:\windows\System32\windows.storage.dll
0x00007ffb2c3c0000 - 0x00007ffb2c4b6000 	C:\windows\System32\SHCORE.dll
0x00007ffb2d390000 - 0x00007ffb2d3f6000 	C:\windows\System32\shlwapi.dll
0x00007ffb2ab90000 - 0x00007ffb2abb9000 	C:\windows\SYSTEM32\profapi.dll
0x00007ffb05a10000 - 0x00007ffb05a28000 	c:\Users\devip\.antigravity-ide\extensions\redhat.java-1.54.0-win32-x64\jre\21.0.10-win32-x86_64\bin\zip.dll
0x00007ffb02690000 - 0x00007ffb026a0000 	C:\Users\devip\.antigravity-ide\extensions\redhat.java-1.54.0-win32-x64\jre\21.0.10-win32-x86_64\bin\net.dll
0x00007ffb23230000 - 0x00007ffb23359000 	C:\windows\SYSTEM32\WINHTTP.dll
0x00007ffb29f70000 - 0x00007ffb29fdc000 	C:\windows\system32\mswsock.dll
0x00007ffaf8040000 - 0x00007ffaf8056000 	C:\Users\devip\.antigravity-ide\extensions\redhat.java-1.54.0-win32-x64\jre\21.0.10-win32-x86_64\bin\nio.dll
0x00007ffafc040000 - 0x00007ffafc050000 	c:\Users\devip\.antigravity-ide\extensions\redhat.java-1.54.0-win32-x64\jre\21.0.10-win32-x86_64\bin\verify.dll
0x00007ffae7740000 - 0x00007ffae7785000 	C:\Users\devip\AppData\Roaming\Antigravity IDE\User\globalStorage\redhat.java\1.54.0\config_ss_win\org.eclipse.equinox.launcher\org.eclipse.equinox.launcher.win32.win32.x86_64_1.3.0.v20260203-2149\eclipse_11919.dll
0x00007ffb2c630000 - 0x00007ffb2c7c7000 	C:\windows\System32\ole32.dll
0x00007ffb2a260000 - 0x00007ffb2a27b000 	C:\windows\SYSTEM32\CRYPTSP.dll
0x00007ffb29960000 - 0x00007ffb29999000 	C:\windows\system32\rsaenh.dll
0x00007ffb2a020000 - 0x00007ffb2a053000 	C:\windows\SYSTEM32\USERENV.dll
0x00007ffb2ab60000 - 0x00007ffb2ab8a000 	C:\windows\SYSTEM32\bcrypt.dll
0x00007ffb2a250000 - 0x00007ffb2a25c000 	C:\windows\SYSTEM32\CRYPTBASE.dll
0x00007ffb293f0000 - 0x00007ffb29422000 	C:\windows\SYSTEM32\IPHLPAPI.DLL
0x00007ffb2c920000 - 0x00007ffb2c92a000 	C:\windows\System32\NSI.dll
0x00007ffad3ea0000 - 0x00007ffad3ee9000 	C:\Users\devip\AppData\Local\Temp\jna-95477756\jna1224529582616444229.dll
0x00007ffb2c320000 - 0x00007ffb2c328000 	C:\windows\System32\PSAPI.DLL
0x00007ffb23ef0000 - 0x00007ffb23f0d000 	C:\windows\SYSTEM32\dhcpcsvc6.DLL
0x00007ffb23ea0000 - 0x00007ffb23ec5000 	C:\windows\SYSTEM32\dhcpcsvc.DLL

JVMTI agents:
c:\Users\devip\.antigravity-ide\extensions\redhat.java-1.54.0-win32-x64\lombok\lombok-1.18.39-4050.jar path:c:\Users\devip\.antigravity-ide\extensions\redhat.java-1.54.0-win32-x64\jre\21.0.10-win32-x86_64\bin\instrument.dll, loaded, initialized, instrumentlib options:none

dbghelp: loaded successfully - version: 4.0.5 - missing functions: none
symbol engine: initialized successfully - sym options: 0x614 - pdb path: .;c:\Users\devip\.antigravity-ide\extensions\redhat.java-1.54.0-win32-x64\jre\21.0.10-win32-x86_64\bin;C:\windows\SYSTEM32;C:\windows\WinSxS\amd64_microsoft.windows.common-controls_6595b64144ccf1df_6.0.26100.8457_none_3e0b2faee331e92d;c:\Users\devip\.antigravity-ide\extensions\redhat.java-1.54.0-win32-x64\jre\21.0.10-win32-x86_64\bin\server;C:\Users\devip\AppData\Roaming\Antigravity IDE\User\globalStorage\redhat.java\1.54.0\config_ss_win\org.eclipse.equinox.launcher\org.eclipse.equinox.launcher.win32.win32.x86_64_1.3.0.v20260203-2149;C:\Users\devip\AppData\Local\Temp\jna-95477756

VM Arguments:
jvm_args: --add-modules=ALL-SYSTEM --add-opens=java.base/java.util=ALL-UNNAMED --add-opens=java.base/java.lang=ALL-UNNAMED --add-opens=java.base/sun.nio.fs=ALL-UNNAMED -Declipse.application=org.eclipse.jdt.ls.core.id1 -Dosgi.bundles.defaultStartLevel=4 -Declipse.product=org.eclipse.jdt.ls.core.product -Djava.import.generatesMetadataFilesAtProjectRoot=false -DDetectVMInstallationsJob.disabled=true -Dfile.encoding=utf8 -XX:+UseParallelGC -XX:GCTimeRatio=4 -XX:AdaptiveSizePolicyWeight=90 -Dsun.zip.disableMemoryMapping=true -Xmx2G -Xms100m -Xlog:disable -javaagent:c:\Users\devip\.antigravity-ide\extensions\redhat.java-1.54.0-win32-x64\lombok\lombok-1.18.39-4050.jar 
java_command: c:\Users\devip\.antigravity-ide\extensions\redhat.java-1.54.0-win32-x64\server\plugins\org.eclipse.equinox.launcher_1.7.100.v20251111-0406.jar -configuration c:\Users\devip\AppData\Roaming\Antigravity IDE\User\globalStorage\redhat.java\1.54.0\config_ss_win -data c:\Users\devip\AppData\Roaming\Antigravity IDE\User\workspaceStorage\3ffd7fcce5923e144a1c7dc54c266ad5\redhat.java\ss_ws --pipe=\\.\pipe\lsp-1ea1f430ad6346659c54d6b149d76ca8-sock
java_class_path (initial): c:\Users\devip\.antigravity-ide\extensions\redhat.java-1.54.0-win32-x64\server\plugins\org.eclipse.equinox.launcher_1.7.100.v20251111-0406.jar
Launcher Type: SUN_STANDARD

[Global flags]
    uintx AdaptiveSizePolicyWeight                 = 90                                        {product} {command line}
     intx CICompilerCount                          = 4                                         {product} {ergonomic}
    uintx GCTimeRatio                              = 4                                         {product} {command line}
   size_t InitialHeapSize                          = 104857600                                 {product} {command line}
   size_t MaxHeapSize                              = 2147483648                                {product} {command line}
   size_t MaxNewSize                               = 715653120                                 {product} {ergonomic}
   size_t MinHeapDeltaBytes                        = 524288                                    {product} {ergonomic}
   size_t MinHeapSize                              = 104857600                                 {product} {command line}
   size_t NewSize                                  = 34603008                                  {product} {ergonomic}
    uintx NonNMethodCodeHeapSize                   = 5839372                                {pd product} {ergonomic}
    uintx NonProfiledCodeHeapSize                  = 122909434                              {pd product} {ergonomic}
   size_t OldSize                                  = 70254592                                  {product} {ergonomic}
    uintx ProfiledCodeHeapSize                     = 122909434                              {pd product} {ergonomic}
    uintx ReservedCodeCacheSize                    = 251658240                              {pd product} {ergonomic}
     bool SegmentedCodeCache                       = true                                      {product} {ergonomic}
   size_t SoftMaxHeapSize                          = 2147483648                             {manageable} {ergonomic}
     bool UseCompressedOops                        = true                           {product lp64_product} {ergonomic}
     bool UseLargePagesIndividualAllocation        = false                                  {pd product} {ergonomic}
     bool UseParallelGC                            = true                                      {product} {command line}

Logging:
Log output configuration:
 #0: stdout all=off uptime,level,tags foldmultilines=false
 #1: stderr all=off uptime,level,tags foldmultilines=false

Release file:
JAVA_VERSION="21.0.10" 
MODULES="java.base java.compiler java.datatransfer java.xml java.prefs java.desktop java.instrument java.logging java.management java.security.sasl java.naming java.rmi java.management.rmi java.net.http java.scripting java.security.jgss java.transaction.xa java.sql java.sql.rowset java.xml.crypto java.se java.smartcardio jdk.accessibility jdk.internal.jvmstat jdk.attach jdk.charsets jdk.internal.opt jdk.zipfs jdk.compiler jdk.crypto.ec jdk.crypto.cryptoki jdk.crypto.mscapi jdk.dynalink jdk.internal.ed jdk.editpad jdk.hotspot.agent jdk.httpserver jdk.internal.le jdk.internal.vm.ci jdk.internal.vm.compiler jdk.internal.vm.compiler.management jdk.jartool jdk.javadoc jdk.jcmd jdk.management jdk.management.agent jdk.jconsole jdk.jdeps jdk.jdwp.agent jdk.jdi jdk.jfr jdk.jshell jdk.jsobject jdk.jstatd jdk.localedata jdk.management.jfr jdk.naming.dns jdk.naming.rmi jdk.net jdk.nio.mapmode jdk.random jdk.sctp jdk.security.auth jdk.security.jgss jdk.unsupported jdk.unsupported.desktop jdk.xml.dom" 

Environment Variables:
PATH=C:\Program Files\Common Files\Oracle\Java\javapath;C:\windows\system32;C:\windows;C:\windows\System32\Wbem;C:\windows\System32\WindowsPowerShell\v1.0\;C:\windows\System32\OpenSSH\;C:\Program Files\Git\cmd;C:\Program Files\Java\jdk-25.0.2\bin;C:\Program Files\Java\jdk-25.0.2\bin;C:\Program Files\Java\latest\jdk-25\bin;C:\Program Files\nodejs\;C:\Program Files\Docker\Docker\resources\bin;C:\Program Files\MySQL\MySQL Shell 8.0\bin\;c:\Users\devip\AppData\Local\Programs\cursor\resources\app\codeBin;C:\Users\devip\AppData\Local\Microsoft\WindowsApps;C:\Users\devip\AppData\Local\Programs\Microsoft VS Code\bin;C:\Users\devip\AppData\Roaming\npm;C:\Users\devip\AppData\Local\Programs\cursor\resources\app\bin;C:\Users\devip\AppData\Local\Programs\Antigravity\bin;C:\Users\devip\AppData\Local\Programs\IntelliJ IDEA 2026.1\bin;C:\Users\devip\AppData\Local\Programs\Antigravity IDE\bin
USERNAME=devip
OS=Windows_NT
PROCESSOR_IDENTIFIER=AMD64 Family 23 Model 160 Stepping 0, AuthenticAMD
TMP=C:\Users\devip\AppData\Local\Temp
TEMP=C:\Users\devip\AppData\Local\Temp




Periodic native trim disabled

---------------  S Y S T E M  ---------------

OS:
 Windows 11 , 64 bit Build 26100 (10.0.26100.8328)
OS uptime: 2 days 21:52 hours
Hyper-V role detected

CPU: total 8 (initial active 8) (8 cores per cpu, 2 threads per core) family 23 model 160 stepping 0 microcode 0x8a0000b, cx8, cmov, fxsr, ht, mmx, 3dnowpref, sse, sse2, sse3, ssse3, sse4a, sse4.1, sse4.2, popcnt, lzcnt, tsc, tscinvbit, avx, avx2, aes, clmul, bmi1, bmi2, adx, sha, fma, vzeroupper, clflush, clflushopt, hv, rdtscp, rdpid, f16c
Processor Information for the first 8 processors :
  Max Mhz: 2801, Current Mhz: 2483, Mhz Limit: 2801

Memory: 4k page, system-wide physical 15610M (1562M free)
TotalPageFile size 21547M (AvailPageFile size 275M)
current process WorkingSet (physical memory assigned to process): 148M, peak: 161M
current process commit charge ("private bytes"): 278M, peak: 294M

vm_info: OpenJDK 64-Bit Server VM (21.0.10+7-LTS) for windows-amd64 JRE (21.0.10+7-LTS), built on 2026-01-20T00:00:00Z by "admin" with MS VC++ 17.12 (VS2022)

END.
